split_id,is_blocks,oos_blocks,best_strategy,N_fast,N_slow,is_performance,oos_performance,oos_rank,oos_rank_pct,rank_logit,overfit_event
1,0|1|2|3,4|5|6|7,qrs_N16_M600_S0.5,,,0.5287784723465496,-0.7713432634785305,1.0,0.0,-13.815509557963773,True
2,0|1|2|4,3|5|6|7,qrs_N20_M800_S0.3,,,0.17898595960203745,-0.13287877945555926,1.0,0.0,-13.815509557963773,True
3,0|1|2|5,3|4|6|7,qrs_N16_M600_S0.5,,,0.4244210648337628,-0.48814762617240953,1.0,0.0,-13.815509557963773,True
4,0|1|2|6,3|4|5|7,qrs_N20_M800_S0.7,,,0.49326094294547085,-0.10766292644669741,6.0,1.0,13.815509557935018,False
5,0|1|2|7,3|4|5|6,qrs_N20_M800_S0.7,,,-0.00831315475427725,0.42086738676141594,6.0,1.0,13.815509557935018,False
6,0|1|3|4,2|5|6|7,qrs_N16_M600_S0.3,,,0.49586390795190166,-0.5588864675556924,1.0,0.0,-13.815509557963773,True
7,0|1|3|5,2|4|6|7,qrs_N16_M600_S0.5,,,0.7384223126103261,-0.9420959945833969,1.0,0.0,-13.815509557963773,True
8,0|1|3|6,2|4|5|7,qrs_N16_M600_S0.7,,,0.809290459363717,-0.8758293721400067,1.0,0.0,-13.815509557963773,True
9,0|1|3|7,2|4|5|6,qrs_N16_M600_S0.5,,,0.3225984721812384,-0.3516823802175886,1.0,0.0,-13.815509557963773,True
10,0|1|4|5,2|3|6|7,qrs_N20_M800_S0.3,,,0.34523261697108737,-0.2851774182619277,1.0,0.0,-13.815509557963773,True
11,0|1|4|6,2|3|5|7,qrs_N16_M600_S0.7,,,0.2999422651378704,-0.18595728179790139,1.0,0.0,-13.815509557963773,True
12,0|1|4|7,2|3|5|6,qrs_N20_M800_S0.3,,,-0.09008588183784341,0.15077106431697584,1.0,0.0,-13.815509557963773,True
13,0|1|5|6,2|3|4|7,qrs_N16_M600_S0.7,,,0.7698193775222345,-0.6317040772935696,1.0,0.0,-13.815509557963773,True
14,0|1|5|7,2|3|4|6,qrs_N16_M600_S0.5,,,0.18841062851804213,-0.15951913001203333,1.0,0.0,-13.815509557963773,True
15,0|1|6|7,2|3|4|5,qrs_N16_M600_S0.7,,,0.5965509168734195,-0.41254660246539687,1.0,0.0,-13.815509557963773,True
16,0|2|3|4,1|5|6|7,qrs_N16_M600_S0.3,,,-0.3646484876548545,0.5569162570283641,1.0,0.0,-13.815509557963773,True
17,0|2|3|5,1|4|6|7,qrs_N16_M600_S0.5,,,-0.12787975915323369,0.18737963532667867,1.0,0.0,-13.815509557963773,True
18,0|2|3|6,1|4|5|7,qrs_N20_M800_S0.7,,,-0.1199855155663408,0.6008023888582309,6.0,1.0,13.815509557935018,False
19,0|2|3|7,1|4|5|6,qrs_N16_M600_S0.5,,,-0.586094064111938,0.69903299814774,1.0,0.0,-13.815509557963773,True
20,0|2|4|5,1|3|6|7,qrs_N20_M800_S0.3,,,-0.6419091033363624,0.7430519347117455,2.0,0.2,-1.3862943611198906,True
21,0|2|4|6,1|3|5|7,qrs_N20_M800_S0.7,,,-0.6309279017767794,0.9965603805973554,6.0,1.0,13.815509557935018,False
22,0|2|4|7,1|3|5|6,qrs_N20_M800_S0.3,,,-1.1386340948261366,1.124828466766378,1.0,0.0,-13.815509557963773,True
23,0|2|5|6,1|3|4|7,qrs_N20_M800_S0.7,,,-0.20955031699515053,0.6042700186103358,6.0,1.0,13.815509557935018,False
24,0|2|5|7,1|3|4|6,qrs_N20_M800_S0.7,,,-0.7509163122131779,1.0972334079984705,6.0,1.0,13.815509557935018,False
25,0|2|6|7,1|3|4|5,qrs_N20_M800_S0.7,,,-0.6091541279130344,0.9000198951324584,3.0,0.4,-0.4054651081081643,True
26,0|3|4|5,1|2|6|7,qrs_N16_M600_S0.3,,,-0.22157700985819212,0.3290731010385158,1.0,0.0,-13.815509557963773,True
27,0|3|4|6,1|2|5|7,qrs_N16_M600_S0.3,,,-0.2544729368942484,0.3398782745134395,1.0,0.0,-13.815509557963773,True
28,0|3|4|7,1|2|5|6,qrs_N16_M600_S0.3,,,-0.6861524779622139,0.7656346999114001,1.0,0.0,-13.815509557963773,True
29,0|3|5|6,1|2|4|7,qrs_N16_M600_S0.7,,,0.11704321166422198,-0.022279413667170515,1.0,0.0,-13.815509557963773,True
30,0|3|5|7,1|2|4|6,qrs_N16_M600_S0.5,,,-0.41797111517937646,0.4438413883672077,1.0,0.0,-13.815509557963773,True
31,0|3|6|7,1|2|4|5,qrs_N16_M600_S0.7,,,-0.0822748509617365,0.17893644163253325,1.0,0.0,-13.815509557963773,True
32,0|4|5|6,1|2|3|7,qrs_N16_M600_S0.7,,,-0.5174436407462246,0.5284139199032672,1.0,0.0,-13.815509557963773,True
33,0|4|5|7,1|2|3|6,qrs_N20_M800_S0.3,,,-1.0461328413924567,0.9191542133476298,2.0,0.2,-1.3862943611198906,True
34,0|4|6|7,1|2|3|5,qrs_N16_M600_S0.7,,,-0.7951587955735588,0.6844666786924082,1.0,0.0,-13.815509557963773,True
35,0|5|6|7,1|2|3|4,qrs_N16_M600_S0.7,,,-0.25546558912939143,0.28071597787730235,1.0,0.0,-13.815509557963773,True
36,1|2|3|4,0|5|6|7,qrs_N20_M800_S0.5,,,0.8471191417188818,-1.2065532353025057,1.0,0.0,-13.815509557963773,True
37,1|2|3|5,0|4|6|7,qrs_N20_M800_S0.7,,,1.1105144577600452,-0.9986911394365918,5.0,0.8,1.3862943611198908,False
38,1|2|3|6,0|4|5|7,qrs_N20_M800_S0.7,,,1.303759017919725,-1.1276208310168085,3.0,0.4,-0.4054651081081643,True
39,1|2|3|7,0|4|5|6,qrs_N20_M800_S0.7,,,0.8392396376103683,-0.5366763564972277,5.0,0.8,1.3862943611198908,False
40,1|2|4|5,0|3|6|7,qrs_N20_M800_S0.5,,,0.7856958204287704,-0.9061465734672421,1.0,0.0,-13.815509557963773,True
41,1|2|4|6,0|3|5|7,qrs_N20_M800_S0.7,,,0.9664214113921812,-0.514363553661193,3.0,0.4,-0.4054651081081643,True
42,1|2|4|7,0|3|5|6,qrs_N20_M800_S0.7,,,0.43934928593043954,-0.010694556284983572,5.0,0.8,1.3862943611198908,False
43,1|2|5|6,0|3|4|7,qrs_N20_M800_S0.7,,,1.37345258255474,-0.9214221206691374,2.0,0.2,-1.3862943611198906,True
44,1|2|5|7,0|3|4|6,qrs_N20_M800_S0.7,,,0.858721261426218,-0.40387522136460324,4.0,0.6,0.4054651081081642,False
45,1|2|6|7,0|3|4|5,qrs_N20_M800_S0.7,,,1.083733793013375,-0.5411865030507429,2.0,0.2,-1.3862943611198906,True
46,1|3|4|5,0|2|6|7,qrs_N20_M800_S0.5,,,0.9893691257219877,-1.2242478823166387,1.0,0.0,-13.815509557963773,True
47,1|3|4|6,0|2|5|7,qrs_N20_M800_S0.7,,,1.0972334079984705,-0.7509163122131779,6.0,1.0,13.815509557935018,False
48,1|3|4|7,0|2|5|6,qrs_N20_M800_S0.7,,,0.6042700186103358,-0.20955031699515053,6.0,1.0,13.815509557935018,False
49,1|3|5|6,0|2|4|7,qrs_N16_M600_S0.7,,,1.5244310744165277,-1.549933070753014,1.0,0.0,-13.815509557963773,True
50,1|3|5|7,0|2|4|6,qrs_N20_M800_S0.7,,,0.9965603805973554,-0.6309279017767794,6.0,1.0,13.815509557935018,False
51,1|3|6|7,0|2|4|5,qrs_N16_M600_S0.7,,,1.4009272719948596,-1.2613675119149315,1.0,0.0,-13.815509557963773,True
52,1|4|5|6,0|2|3|7,qrs_N20_M800_S0.7,,,1.15531209596525,-0.6032120928203306,4.0,0.6,0.4054651081081642,False
53,1|4|5|7,0|2|3|6,qrs_N20_M800_S0.7,,,0.6008023888582309,-0.1199855155663408,6.0,1.0,13.815509557935018,False
54,1|4|6|7,0|2|3|5,qrs_N16_M600_S0.7,,,0.9240772130752546,-0.6032631804370406,1.0,0.0,-13.815509557963773,True
55,1|5|6|7,0|2|3|4,qrs_N16_M600_S0.7,,,1.46454268298099,-1.009260848447064,1.0,0.0,-13.815509557963773,True
56,2|3|4|5,0|1|6|7,qrs_N20_M800_S0.5,,,0.1329139363326895,-0.23116363680936464,1.0,0.0,-13.815509557963773,True
57,2|3|4|6,0|1|5|7,qrs_N20_M800_S0.7,,,0.2842624619703972,0.11590839447071201,3.0,0.4,-0.4054651081081643,True
58,2|3|4|7,0|1|5|6,qrs_N20_M800_S0.7,,,-0.2205838654683989,0.6407932327453593,5.0,0.8,1.3862943611198908,False
59,2|3|5|6,0|1|4|7,qrs_N20_M800_S0.7,,,0.6715086305755307,-0.3106504634788974,3.0,0.4,-0.4054651081081643,True
60,2|3|5|7,0|1|4|6,qrs_N20_M800_S0.7,,,0.17855349079650792,0.22882522647976009,3.0,0.4,-0.4054651081081643,True
61,2|3|6|7,0|1|4|5,qrs_N20_M800_S0.7,,,0.3541053305022136,0.05668344792394477,2.0,0.2,-1.3862943611198906,True
62,2|4|5|6,0|1|3|7,qrs_N20_M800_S0.7,,,0.23850356443394397,0.17373169425283955,2.0,0.2,-1.3862943611198906,True
63,2|4|5|7,0|1|3|6,qrs_N20_M800_S0.7,,,-0.33369067180585393,0.6453213585105647,4.0,0.6,0.4054651081081642,False
64,2|4|6|7,0|1|3|5,qrs_N20_M800_S0.7,,,-0.15871565721378034,0.47691261829969517,2.0,0.2,-1.3862943611198906,True
65,2|5|6|7,0|1|3|4,qrs_N20_M800_S0.7,,,0.3174130517036272,0.11820230394708416,2.0,0.2,-1.3862943611198906,True
66,3|4|5|6,0|1|2|7,qrs_N20_M800_S0.7,,,0.42086738676141594,-0.00831315475427725,6.0,1.0,13.815509557935018,False
67,3|4|5|7,0|1|2|6,qrs_N20_M800_S0.7,,,-0.10766292644669741,0.49326094294547085,6.0,1.0,13.815509557935018,False
68,3|4|6|7,0|1|2|5,qrs_N16_M600_S0.7,,,0.1691784842911538,-0.05231982180798405,1.0,0.0,-13.815509557963773,True
69,3|5|6|7,0|1|2|4,qrs_N16_M600_S0.7,,,0.6628658440819494,-0.47966019003209626,1.0,0.0,-13.815509557963773,True
70,4|5|6|7,0|1|2|3,qrs_N16_M600_S0.7,,,0.026215517830596,0.06767321167054252,1.0,0.0,-13.815509557963773,True
