window_id,train_start,train_end,test_start,test_end,selected_strategy,selection_metric,selection_score,selected_oos_score,selected_oos_return,selected_oos_sharpe,selected_oos_rank,selected_oos_percentile,failure_flag,best_oos_strategy,best_oos_score,n_candidates
1,2015-05-06 00:00:00,2015-11-02 00:00:00,2015-11-03 00:00:00,2015-12-01 00:00:00,vpin_slope10_p0.9,sharpe,0.619187069270226,0.32619739325800956,0.0014854246251601033,0.32619739325800956,8.0,0.875,0,vpin_slope3_p0.9,0.32619739325800956,9
2,2015-06-03 00:00:00,2015-12-01 00:00:00,2015-12-02 00:00:00,2015-12-30 00:00:00,vpin_slope10_p0.9,sharpe,1.228641588392932,4.924329218111366,0.012959193455726936,4.924329218111354,5.0,0.5,0,vpin_slope3_p0.8,5.141474042882812,9
3,2015-07-02 00:00:00,2015-12-30 00:00:00,2015-12-31 00:00:00,2016-01-28 00:00:00,vpin_slope10_p0.9,sharpe,1.9499395963319397,-0.8543982892263272,-0.002991402792065667,-0.8543982892263268,4.0,0.375,1,vpin_slope5_p0.7,-0.23985300295756984,9
4,2015-07-30 00:00:00,2016-01-28 00:00:00,2016-01-29 00:00:00,2016-03-04 00:00:00,vpin_slope10_p0.8,sharpe,1.2261498804489972,-0.5871206224621651,-0.0017230199032619575,-0.5871206224621666,8.0,0.875,0,vpin_slope3_p0.9,-0.5871206224621651,9
5,2015-08-28 00:00:00,2016-03-04 00:00:00,2016-03-07 00:00:00,2016-04-01 00:00:00,vpin_slope10_p0.9,sharpe,1.0777281881019782,1.8615486399399417,0.004745812738652155,1.861548639939935,5.0,0.5,0,vpin_slope5_p0.7,3.6101633783471385,9
6,2015-09-29 00:00:00,2016-04-01 00:00:00,2016-04-05 00:00:00,2016-05-03 00:00:00,vpin_slope10_p0.9,sharpe,1.1419071216237031,0.5395075845040359,0.0012153159405607905,0.5395075845040372,6.0,0.625,0,vpin_slope5_p0.8,0.5395075845040368,9
7,2015-11-03 00:00:00,2016-05-03 00:00:00,2016-05-04 00:00:00,2016-06-01 00:00:00,vpin_slope10_p0.9,sharpe,0.8299018621424138,3.989424461400528,0.010985602502405767,3.98942446140052,7.0,0.75,0,vpin_slope5_p0.8,4.237244119561476,9
8,2015-12-02 00:00:00,2016-06-01 00:00:00,2016-06-02 00:00:00,2016-07-01 00:00:00,vpin_slope10_p0.8,sharpe,1.5671990682075818,4.6829704464380075,0.00982267050744512,4.682970446437998,5.0,0.5,0,vpin_slope3_p0.9,6.219786957015016,9
9,2015-12-31 00:00:00,2016-07-01 00:00:00,2016-07-04 00:00:00,2016-07-29 00:00:00,vpin_slope10_p0.9,sharpe,1.6049663666453307,1.9695239145851093,0.004171900921605465,1.969523914585125,2.0,0.125,1,vpin_slope10_p0.7,3.562964085931263,9
10,2016-01-29 00:00:00,2016-07-29 00:00:00,2016-08-01 00:00:00,2016-08-29 00:00:00,vpin_slope5_p0.9,sharpe,2.255817200844179,0.8920539322460601,0.0019717379456323236,0.8920539322460544,7.0,0.75,0,vpin_slope10_p0.9,0.8920539322460663,9
11,2016-03-07 00:00:00,2016-08-29 00:00:00,2016-08-30 00:00:00,2016-09-28 00:00:00,vpin_slope5_p0.9,sharpe,2.750298056710109,2.0012966781659385,0.002972772957771319,2.001296678165952,7.5,0.8125,0,vpin_slope10_p0.7,2.243896321630438,9
12,2016-04-05 00:00:00,2016-09-28 00:00:00,2016-09-29 00:00:00,2016-11-02 00:00:00,vpin_slope10_p0.9,sharpe,2.6555395404403814,-0.38437644185576886,-0.0008303870807158109,-0.38437644185577147,9.0,1.0,0,vpin_slope10_p0.9,-0.38437644185576886,9
13,2016-05-04 00:00:00,2016-11-02 00:00:00,2016-11-03 00:00:00,2016-12-01 00:00:00,vpin_slope10_p0.9,sharpe,2.536012587755766,-6.159924571970906,-0.016101957257197652,-6.159924571970939,5.0,0.5,0,vpin_slope5_p0.7,-4.838338598771709,9
14,2016-06-02 00:00:00,2016-12-01 00:00:00,2016-12-02 00:00:00,2016-12-29 00:00:00,vpin_slope10_p0.9,sharpe,0.4276108122923382,-1.7783474616782184,-0.017941255813769597,-1.7783474616782187,6.0,0.625,0,vpin_slope5_p0.9,-1.5715002729126555,9
15,2016-07-04 00:00:00,2016-12-29 00:00:00,2016-12-30 00:00:00,2017-02-06 00:00:00,vpin_slope5_p0.7,sharpe,-0.7916091398467882,-6.604763394377526,-0.027693597476715626,-6.604763394377527,3.0,0.25,1,vpin_slope5_p0.8,-5.329776217979104,9
16,2016-08-01 00:00:00,2017-02-06 00:00:00,2017-02-07 00:00:00,2017-03-06 00:00:00,vpin_slope5_p0.9,sharpe,-1.905002999546757,3.9123853524515497,0.018998497779061152,3.912385352451558,7.0,0.75,0,vpin_slope5_p0.7,4.180891470739416,9
17,2016-08-30 00:00:00,2017-03-06 00:00:00,2017-03-07 00:00:00,2017-04-05 00:00:00,vpin_slope5_p0.7,sharpe,-1.0631686841392611,5.418053219298939,0.01756755549332434,5.418053219298951,2.0,0.125,1,vpin_slope3_p0.9,7.202700665086588,9
18,2016-09-29 00:00:00,2017-04-05 00:00:00,2017-04-06 00:00:00,2017-05-04 00:00:00,vpin_slope5_p0.8,sharpe,-0.399889090868022,-4.336194749846012,-0.015855156861543374,-4.336194749845997,2.0,0.125,1,vpin_slope10_p0.8,-3.174109485635032,9
19,2016-11-03 00:00:00,2017-05-04 00:00:00,2017-05-05 00:00:00,2017-06-06 00:00:00,vpin_slope3_p0.8,sharpe,-0.8407336689255629,1.5716313595778653,0.006131449465766714,1.571631359577867,3.0,0.25,1,vpin_slope5_p0.9,2.312614366395157,9
20,2016-12-02 00:00:00,2017-06-06 00:00:00,2017-06-07 00:00:00,2017-07-04 00:00:00,vpin_slope10_p0.8,sharpe,-0.0731652659052224,-3.1207868877124407,-0.008263111021819092,-3.1207868877124154,4.0,0.375,1,vpin_slope3_p0.9,-0.1600554640378773,9
21,2016-12-30 00:00:00,2017-07-04 00:00:00,2017-07-05 00:00:00,2017-08-01 00:00:00,vpin_slope3_p0.9,sharpe,0.5863543559578205,-0.4109267025549574,-0.0007623633085217518,-0.4109267025549514,6.0,0.625,0,vpin_slope10_p0.9,1.4065474860643612,9
22,2017-02-07 00:00:00,2017-08-01 00:00:00,2017-08-03 00:00:00,2017-08-31 00:00:00,vpin_slope10_p0.9,sharpe,1.9003746455564852,1.0983845807975257,0.0019291448734883865,1.0983845807974995,8.0,0.875,0,vpin_slope3_p0.9,1.0983845807975257,9
23,2017-03-07 00:00:00,2017-08-31 00:00:00,2017-09-01 00:00:00,2017-09-28 00:00:00,vpin_slope10_p0.9,sharpe,1.3992706985556662,2.5139755393306373,0.005614381520822276,2.513975539330696,5.0,0.5,0,vpin_slope3_p0.9,2.993203484337481,9
24,2017-04-06 00:00:00,2017-09-28 00:00:00,2017-09-29 00:00:00,2017-11-02 00:00:00,vpin_slope10_p0.9,sharpe,0.4632007564929026,-7.175602465421084,-0.02235945482297441,-7.1756024654211,2.0,0.125,1,vpin_slope5_p0.7,-4.956209105716626,9
25,2017-05-05 00:00:00,2017-11-02 00:00:00,2017-11-03 00:00:00,2017-12-01 00:00:00,vpin_slope10_p0.9,sharpe,-0.21041059994715738,-0.2392554304255177,-0.00102261562961381,-0.2392554304255154,3.0,0.25,1,vpin_slope5_p0.7,-0.19798500732956512,9
26,2017-06-07 00:00:00,2017-12-01 00:00:00,2017-12-04 00:00:00,2017-12-29 00:00:00,vpin_slope10_p0.9,sharpe,-0.8148959711195782,2.120373472150773,0.003917734754640412,2.1203734721507406,4.0,0.375,1,vpin_slope10_p0.7,2.75644991757762,9
27,2017-07-05 00:00:00,2017-12-29 00:00:00,2018-01-02 00:00:00,2018-01-29 00:00:00,vpin_slope10_p0.9,sharpe,-0.5894417542279158,-3.038759341052122,-0.006474877774076959,-3.0387593410521223,6.0,0.625,0,vpin_slope5_p0.7,-3.038759341052118,9
28,2017-08-03 00:00:00,2018-01-29 00:00:00,2018-01-30 00:00:00,2018-03-06 00:00:00,vpin_slope5_p0.9,sharpe,-1.0099520309598269,1.448428955811826,0.0039615590904291675,1.4484289558118286,4.5,0.4375,1,vpin_slope5_p0.8,1.7249961951876764,9
29,2017-09-01 00:00:00,2018-03-06 00:00:00,2018-03-07 00:00:00,2018-04-03 00:00:00,vpin_slope5_p0.9,sharpe,-0.8372758273595634,-1.617648708861737,-0.0028947818129280156,-1.6176487088617286,8.0,0.875,0,vpin_slope3_p0.9,-1.617648708861737,9
30,2017-09-29 00:00:00,2018-04-03 00:00:00,2018-04-04 00:00:00,2018-05-08 00:00:00,vpin_slope5_p0.9,sharpe,-1.437399256393056,1.4027651955723148,0.006044720231091372,1.4027651955723226,3.0,0.25,1,vpin_slope5_p0.8,2.374359843834858,9
31,2017-11-03 00:00:00,2018-05-08 00:00:00,2018-05-09 00:00:00,2018-06-06 00:00:00,vpin_slope5_p0.8,sharpe,0.396606848382245,1.8962555570129191,0.004995259391640916,1.8962555570129305,4.0,0.375,1,vpin_slope10_p0.7,3.233970544698169,9
32,2017-12-04 00:00:00,2018-06-06 00:00:00,2018-06-07 00:00:00,2018-07-05 00:00:00,vpin_slope5_p0.8,sharpe,0.7980225618470894,4.685803981953851,0.012393148046336622,4.685803981953879,5.0,0.5,0,vpin_slope10_p0.7,5.698076964809577,9
33,2018-01-02 00:00:00,2018-07-05 00:00:00,2018-07-06 00:00:00,2018-08-02 00:00:00,vpin_slope10_p0.8,sharpe,1.3566824083441087,-0.6864584371995465,-0.0023350591512911745,-0.6864584371995404,8.5,0.9375,0,vpin_slope10_p0.8,-0.6864584371995465,9
34,2018-01-30 00:00:00,2018-08-02 00:00:00,2018-08-03 00:00:00,2018-08-31 00:00:00,vpin_slope10_p0.8,sharpe,1.6878162986642746,-4.780902836264774,-0.010390565484520997,-4.7809028362648585,5.0,0.5,0,vpin_slope3_p0.9,-4.5586902404742915,9
35,2018-03-07 00:00:00,2018-08-31 00:00:00,2018-09-03 00:00:00,2018-10-08 00:00:00,vpin_slope10_p0.8,sharpe,0.8490646542713407,-0.9514362477350553,-0.0016436977481536497,-0.9514362477350673,5.0,0.5,0,vpin_slope5_p0.8,0.8213097129877626,9
36,2018-04-04 00:00:00,2018-10-08 00:00:00,2018-10-09 00:00:00,2018-11-05 00:00:00,vpin_slope10_p0.8,sharpe,0.9899632840023868,3.3624529260164695,0.008393437041541274,3.3624529260164957,2.0,0.125,1,vpin_slope3_p0.7,3.6277483111785798,9
37,2018-05-09 00:00:00,2018-11-05 00:00:00,2018-11-06 00:00:00,2018-12-04 00:00:00,vpin_slope10_p0.8,sharpe,1.0185105849814624,5.3824362526333625,0.011536040076147724,5.382436252633439,3.0,0.25,1,vpin_slope5_p0.7,5.815524756579044,9
38,2018-06-07 00:00:00,2018-12-04 00:00:00,2018-12-05 00:00:00,2019-01-03 00:00:00,vpin_slope10_p0.8,sharpe,1.4215579688808804,3.2057242398421946,0.010038770000482033,3.2057242398421804,6.0,0.625,0,vpin_slope10_p0.7,8.28060939536182,9
39,2018-07-06 00:00:00,2019-01-03 00:00:00,2019-01-04 00:00:00,2019-01-31 00:00:00,vpin_slope10_p0.8,sharpe,1.0204734156584152,-2.3009325222764394,-0.006343682739091583,-2.3009325222764074,1.0,0.0,1,vpin_slope5_p0.9,-1.3535529571155134,9
40,2018-08-03 00:00:00,2019-01-31 00:00:00,2019-02-01 00:00:00,2019-03-08 00:00:00,vpin_slope10_p0.7,sharpe,1.1440889419329034,-3.0089699269975085,-0.007358043032200778,-3.0089699269974846,2.0,0.125,1,vpin_slope5_p0.9,-0.07458145555072679,9
41,2018-09-03 00:00:00,2019-03-08 00:00:00,2019-03-11 00:00:00,2019-04-08 00:00:00,vpin_slope5_p0.7,sharpe,1.8842040611525765,-2.750260974214566,-0.006865380303195057,-2.750260974214555,8.0,0.875,0,vpin_slope10_p0.7,-1.7250280774925189,9
42,2018-10-09 00:00:00,2019-04-08 00:00:00,2019-04-09 00:00:00,2019-05-09 00:00:00,vpin_slope10_p0.7,sharpe,1.3070038396044459,0.6554376629184135,0.0017228634741639492,0.6554376629184101,8.0,0.875,0,vpin_slope3_p0.7,0.7286967513339712,9
43,2018-11-06 00:00:00,2019-05-09 00:00:00,2019-05-10 00:00:00,2019-06-10 00:00:00,vpin_slope10_p0.7,sharpe,0.8690629285222323,2.5097309763380284,0.005849654528541581,2.5097309763380187,5.0,0.5,0,vpin_slope3_p0.9,3.5935989938994006,9
44,2018-12-05 00:00:00,2019-06-10 00:00:00,2019-06-11 00:00:00,2019-07-08 00:00:00,vpin_slope10_p0.7,sharpe,0.4860055079283827,2.561517070934897,0.005212895318711386,2.561517070934881,1.0,0.0,1,vpin_slope5_p0.7,5.528291361327766,9
45,2019-01-04 00:00:00,2019-07-08 00:00:00,2019-07-09 00:00:00,2019-08-05 00:00:00,vpin_slope10_p0.9,sharpe,0.34626778595942126,3.4841562107898696,0.007280731801605045,3.4841562107898447,8.0,0.875,0,vpin_slope3_p0.7,3.7995627090562425,9
46,2019-02-01 00:00:00,2019-08-05 00:00:00,2019-08-06 00:00:00,2019-09-03 00:00:00,vpin_slope10_p0.9,sharpe,1.0952979953616364,0.03351389685615508,4.136076883676232e-05,0.033513896856149424,9.0,1.0,0,vpin_slope10_p0.9,0.03351389685615508,9
47,2019-03-11 00:00:00,2019-09-03 00:00:00,2019-09-04 00:00:00,2019-10-09 00:00:00,vpin_slope10_p0.9,sharpe,1.2529646000988377,-3.372398992021547,-0.006975007433395075,-3.372398992021564,4.0,0.375,1,vpin_slope3_p0.9,-2.6437225331447816,9
48,2019-04-09 00:00:00,2019-10-09 00:00:00,2019-10-10 00:00:00,2019-11-06 00:00:00,vpin_slope10_p0.9,sharpe,1.4757604589529825,-2.949753630963688,-0.007460540588648867,-2.949753630963653,5.0,0.5,0,vpin_slope10_p0.8,-2.9497536309636807,9
49,2019-05-10 00:00:00,2019-11-06 00:00:00,2019-11-07 00:00:00,2019-12-05 00:00:00,vpin_slope10_p0.9,sharpe,0.9274307071010196,-0.7959910388094457,-0.0014764454230473678,-0.7959910388094419,2.0,0.125,1,vpin_slope5_p0.7,0.585690986354268,9
50,2019-06-11 00:00:00,2019-12-05 00:00:00,2019-12-06 00:00:00,2020-01-03 00:00:00,vpin_slope10_p0.9,sharpe,0.15589488313585023,0.8121726528373308,0.0013915592285838052,0.8121726528373173,8.0,0.875,0,vpin_slope3_p0.9,0.8121726528373308,9
51,2019-07-09 00:00:00,2020-01-03 00:00:00,2020-01-06 00:00:00,2020-02-10 00:00:00,vpin_slope10_p0.9,sharpe,-0.5899726828057498,7.072120112074791,0.029042554604335136,7.072120112074783,9.0,1.0,0,vpin_slope10_p0.9,7.072120112074791,9
52,2019-08-06 00:00:00,2020-02-10 00:00:00,2020-02-11 00:00:00,2020-03-10 00:00:00,vpin_slope10_p0.9,sharpe,0.9378510109727783,3.2497211650092552,0.012378081281784414,3.2497211650092575,7.5,0.8125,0,vpin_slope3_p0.9,3.2497211650092552,9
53,2019-09-04 00:00:00,2020-03-10 00:00:00,2020-03-11 00:00:00,2020-04-08 00:00:00,vpin_slope10_p0.9,sharpe,1.5407413557237144,2.490946307879745,0.010384237053842282,2.490946307879757,7.5,0.8125,0,vpin_slope3_p0.9,2.49094630787975,9
54,2019-10-10 00:00:00,2020-04-08 00:00:00,2020-04-09 00:00:00,2020-05-11 00:00:00,vpin_slope10_p0.9,sharpe,2.2839097353590487,-6.0338359233755146,-0.018661098804536036,-6.03383592337552,5.0,0.5,0,vpin_slope3_p0.8,-5.166841046885398,9
55,2019-11-07 00:00:00,2020-05-11 00:00:00,2020-05-12 00:00:00,2020-06-09 00:00:00,vpin_slope10_p0.9,sharpe,1.6337000847882006,-3.4809839048869806,-0.013555303769987814,-3.4809839048870055,3.0,0.25,1,vpin_slope10_p0.7,-2.214728274149886,9
56,2019-12-06 00:00:00,2020-06-09 00:00:00,2020-06-10 00:00:00,2020-07-09 00:00:00,vpin_slope10_p0.9,sharpe,0.9462540317481725,-4.83485156536343,-0.018995863184447348,-4.834851565363435,5.0,0.5,0,vpin_slope5_p0.7,-4.145752187646389,9
57,2020-01-06 00:00:00,2020-07-09 00:00:00,2020-07-10 00:00:00,2020-08-06 00:00:00,vpin_slope10_p0.9,sharpe,0.0076041089361380725,0.7637631602271554,0.0019445172242411601,0.7637631602271303,8.0,0.875,0,vpin_slope5_p0.9,1.220039068814479,9
58,2020-02-11 00:00:00,2020-08-06 00:00:00,2020-08-07 00:00:00,2020-09-08 00:00:00,vpin_slope5_p0.9,sharpe,-1.124201742989881,-1.3656571428397664,-0.003718827959741433,-1.3656571428397455,2.0,0.125,1,vpin_slope10_p0.7,-0.22204501820029152,9
59,2020-03-11 00:00:00,2020-09-08 00:00:00,2020-09-09 00:00:00,2020-10-14 00:00:00,vpin_slope5_p0.9,sharpe,-1.9621780455520836,-0.23598452423083605,-0.000759154046959476,-0.23598452423083005,7.0,0.75,0,vpin_slope5_p0.8,-0.23598452423083258,9
60,2020-04-09 00:00:00,2020-10-14 00:00:00,2020-10-15 00:00:00,2020-11-11 00:00:00,vpin_slope5_p0.7,sharpe,-2.463189115766041,2.125067800712639,0.00436744994848115,2.1250678007126256,3.0,0.25,1,vpin_slope10_p0.8,2.1250678007126753,9
61,2020-05-12 00:00:00,2020-11-11 00:00:00,2020-11-12 00:00:00,2020-12-10 00:00:00,vpin_slope5_p0.7,sharpe,-1.272533346060423,-4.0678099801176515,-0.00798447721319484,-4.067809980117576,3.0,0.25,1,vpin_slope3_p0.9,-0.0925273490760177,9
62,2020-06-10 00:00:00,2020-12-10 00:00:00,2020-12-11 00:00:00,2021-01-08 00:00:00,vpin_slope3_p0.9,sharpe,-1.1093757635394657,1.5405579339809614,0.003643817564055185,1.5405579339809208,1.5,0.0625,1,vpin_slope3_p0.7,5.189528440992447,9
63,2020-07-10 00:00:00,2021-01-08 00:00:00,2021-01-11 00:00:00,2021-02-05 00:00:00,vpin_slope3_p0.9,sharpe,0.2098197839893532,-4.053842553677433,-0.009218119954495951,-4.0538425536773675,7.5,0.8125,0,vpin_slope10_p0.9,-3.783510046788231,9
64,2020-08-07 00:00:00,2021-02-05 00:00:00,2021-02-08 00:00:00,2021-03-15 00:00:00,vpin_slope3_p0.7,sharpe,-0.07603810471882642,-2.1246715240436376,-0.003378303243422809,-2.124671524043656,9.0,1.0,0,vpin_slope3_p0.7,-2.1246715240436376,9
65,2020-09-09 00:00:00,2021-03-15 00:00:00,2021-03-16 00:00:00,2021-04-13 00:00:00,vpin_slope3_p0.7,sharpe,-0.29802514245710976,6.100472936250182,0.010196198902135079,6.100472936250055,8.0,0.875,0,vpin_slope5_p0.7,7.3347238636159835,9
66,2020-10-15 00:00:00,2021-04-13 00:00:00,2021-04-14 00:00:00,2021-05-14 00:00:00,vpin_slope3_p0.7,sharpe,0.8156272374332255,2.706060649358176,0.004202653414860036,2.7060606493582307,4.0,0.375,1,vpin_slope10_p0.9,4.2807471789786975,9
67,2020-11-12 00:00:00,2021-05-14 00:00:00,2021-05-17 00:00:00,2021-06-15 00:00:00,vpin_slope3_p0.7,sharpe,0.880982121128969,-2.5887932097814765,-0.004057043873840427,-2.58879320978145,5.0,0.5,0,vpin_slope10_p0.7,-1.3516179964358805,9
68,2020-12-11 00:00:00,2021-06-15 00:00:00,2021-06-16 00:00:00,2021-07-13 00:00:00,vpin_slope3_p0.7,sharpe,0.8340479493540464,7.2008872279483205,0.015082374228619466,7.200887227948293,2.0,0.125,1,vpin_slope10_p0.7,8.342259720948034,9
69,2021-01-11 00:00:00,2021-07-13 00:00:00,2021-07-14 00:00:00,2021-08-10 00:00:00,vpin_slope3_p0.7,sharpe,1.2781397364006526,0.47059184186353753,0.001350318001699602,0.47059184186354375,1.0,0.0,1,vpin_slope10_p0.9,1.6713483372276752,9
70,2021-02-08 00:00:00,2021-08-10 00:00:00,2021-08-11 00:00:00,2021-09-08 00:00:00,vpin_slope10_p0.9,sharpe,2.0309604028039483,1.3321836155553826,0.003351251546087841,1.3321836155554032,2.0,0.125,1,vpin_slope3_p0.7,3.136065799989983,9
71,2021-03-16 00:00:00,2021-09-08 00:00:00,2021-09-09 00:00:00,2021-10-15 00:00:00,vpin_slope10_p0.9,sharpe,2.8380023499854303,-1.5256655787147926,-0.0033130087149710885,-1.525665578714797,4.0,0.375,1,vpin_slope3_p0.7,0.7097369455284956,9
72,2021-04-14 00:00:00,2021-10-15 00:00:00,2021-10-18 00:00:00,2021-11-12 00:00:00,vpin_slope10_p0.7,sharpe,2.016591805724892,4.835500280552471,0.00953095281936256,4.83550028055256,4.5,0.4375,1,vpin_slope3_p0.8,5.758156987371459,9
73,2021-05-17 00:00:00,2021-11-12 00:00:00,2021-11-15 00:00:00,2021-12-13 00:00:00,vpin_slope3_p0.7,sharpe,2.439360630292149,0.12000156340510629,0.00025541615082014246,0.12000156340511028,2.0,0.125,1,vpin_slope10_p0.8,2.0244172642611358,9
74,2021-06-16 00:00:00,2021-12-13 00:00:00,2021-12-14 00:00:00,2022-01-11 00:00:00,vpin_slope10_p0.7,sharpe,2.8732161407220604,1.69895723755115,0.002646849572962573,1.6989572375510305,2.0,0.125,1,vpin_slope10_p0.9,4.461100970927505,9
75,2021-07-14 00:00:00,2022-01-11 00:00:00,2022-01-12 00:00:00,2022-02-15 00:00:00,vpin_slope10_p0.7,sharpe,1.9197253449046134,-2.792224554195719,-0.005739180079950779,-2.7922245541956894,2.0,0.125,1,vpin_slope3_p0.9,-1.913221126207317,9
76,2021-08-11 00:00:00,2022-02-15 00:00:00,2022-02-16 00:00:00,2022-03-16 00:00:00,vpin_slope3_p0.7,sharpe,1.4952634736233748,3.7178542639629417,0.008469026500729893,3.717854263962931,9.0,1.0,0,vpin_slope3_p0.7,3.7178542639629417,9
77,2021-09-09 00:00:00,2022-03-16 00:00:00,2022-03-17 00:00:00,2022-04-15 00:00:00,vpin_slope10_p0.7,sharpe,1.6444716865373217,0.9678288351765765,0.0016436245738600253,0.9678288351765792,5.0,0.5,0,vpin_slope3_p0.9,2.125673376902971,9
78,2021-10-18 00:00:00,2022-04-15 00:00:00,2022-04-18 00:00:00,2022-05-18 00:00:00,vpin_slope10_p0.7,sharpe,1.7734253624098149,0.8235220492985186,0.001540972720094791,0.8235220492985424,9.0,1.0,0,vpin_slope10_p0.7,0.8235220492985186,9
79,2021-11-15 00:00:00,2022-05-18 00:00:00,2022-05-20 00:00:00,2022-06-17 00:00:00,vpin_slope10_p0.7,sharpe,1.1518056569781459,-1.2992989544428386,-0.0016801448430607824,-1.2992989544428382,4.0,0.375,1,vpin_slope3_p0.9,1.4772693402151251,9
80,2021-12-14 00:00:00,2022-06-17 00:00:00,2022-06-20 00:00:00,2022-07-15 00:00:00,vpin_slope10_p0.9,sharpe,1.1887948302159002,1.0779325752275526,0.0020917376363367435,1.0779325752274778,7.0,0.75,0,vpin_slope10_p0.7,2.0627191526050073,9
81,2022-01-12 00:00:00,2022-07-15 00:00:00,2022-07-18 00:00:00,2022-08-12 00:00:00,vpin_slope10_p0.9,sharpe,0.7471109557069657,4.09359514821642,0.006112744693526739,4.093595148216673,6.5,0.6875,0,vpin_slope3_p0.8,4.445751721292123,9
82,2022-02-16 00:00:00,2022-08-12 00:00:00,2022-08-15 00:00:00,2022-09-13 00:00:00,vpin_slope10_p0.7,sharpe,1.736387247951547,2.2448838109344478,0.00535895845449974,2.2448838109343954,6.5,0.6875,0,vpin_slope3_p0.8,2.2448838109344558,9
83,2022-03-17 00:00:00,2022-09-13 00:00:00,2022-09-14 00:00:00,2022-10-18 00:00:00,vpin_slope3_p0.9,sharpe,1.8589066349841452,-1.0662746274485833,-0.0019812004790379367,-1.0662746274485972,3.0,0.25,1,vpin_slope5_p0.7,-0.3512191616609945,9
84,2022-04-18 00:00:00,2022-10-18 00:00:00,2022-10-19 00:00:00,2022-11-15 00:00:00,vpin_slope3_p0.9,sharpe,1.3357082844844763,-3.0495496510324736,-0.007998453147372464,-3.0495496510324593,5.0,0.5,0,vpin_slope10_p0.7,-2.724956720454628,9
85,2022-05-20 00:00:00,2022-11-15 00:00:00,2022-11-16 00:00:00,2022-12-14 00:00:00,vpin_slope3_p0.9,sharpe,0.4817655904352262,0.32870732248948714,0.0008187418747473973,0.32870732248948153,8.0,0.875,0,vpin_slope3_p0.9,0.32870732248948714,9
86,2022-06-20 00:00:00,2022-12-14 00:00:00,2022-12-15 00:00:00,2023-01-12 00:00:00,vpin_slope3_p0.9,sharpe,0.31941542333964895,2.111923207519686,0.0038997463677510336,2.1119232075197885,2.0,0.125,1,vpin_slope5_p0.7,6.432149605370615,9
87,2022-07-18 00:00:00,2023-01-12 00:00:00,2023-01-13 00:00:00,2023-02-16 00:00:00,vpin_slope5_p0.7,sharpe,0.9077328429611494,1.2233991982563963,0.00213011910770855,1.2233991982564048,6.0,0.625,0,vpin_slope10_p0.9,2.0327325232272333,9
88,2022-08-15 00:00:00,2023-02-16 00:00:00,2023-02-17 00:00:00,2023-03-17 00:00:00,vpin_slope5_p0.7,sharpe,0.7755887773618396,3.9068225993329375,0.0033749911987734915,3.9068225993333363,7.0,0.75,0,vpin_slope10_p0.7,5.435019697988115,9
89,2022-09-14 00:00:00,2023-03-17 00:00:00,2023-03-20 00:00:00,2023-04-17 00:00:00,vpin_slope5_p0.7,sharpe,0.7693863487676373,-1.722932568180323,-0.0017932666403341901,-1.7229325681803018,1.0,0.0,1,vpin_slope3_p0.7,0.9655894524231335,9
90,2022-10-19 00:00:00,2023-04-17 00:00:00,2023-04-18 00:00:00,2023-05-18 00:00:00,vpin_slope5_p0.7,sharpe,0.7005485500009165,6.444452853249094,0.009586329447093034,6.444452853249226,2.0,0.125,1,vpin_slope3_p0.9,7.095470537301889,9
91,2022-11-16 00:00:00,2023-05-18 00:00:00,2023-05-22 00:00:00,2023-06-16 00:00:00,vpin_slope5_p0.7,sharpe,2.46139800866722,-1.1827757077727064,-0.0024606815165981732,-1.182775707772706,4.5,0.4375,1,vpin_slope10_p0.7,1.063302396652184,9
92,2022-12-15 00:00:00,2023-06-16 00:00:00,2023-06-19 00:00:00,2023-07-18 00:00:00,vpin_slope10_p0.7,sharpe,3.19629016423675,1.6406590189755954,0.0019049205691463733,1.6406590189754338,3.5,0.3125,1,vpin_slope5_p0.9,2.831844944713247,9
93,2023-01-13 00:00:00,2023-07-18 00:00:00,2023-07-19 00:00:00,2023-08-15 00:00:00,vpin_slope10_p0.7,sharpe,2.5481856823224867,1.3083911855981323,0.0026745978935915904,1.3083911855981243,1.0,0.0,1,vpin_slope3_p0.8,1.8449276155100967,9
94,2023-02-17 00:00:00,2023-08-15 00:00:00,2023-08-16 00:00:00,2023-09-13 00:00:00,vpin_slope10_p0.7,sharpe,2.3437761595416933,-0.97565651128327,-0.0014105691890712313,-0.9756565112832535,6.0,0.625,0,vpin_slope3_p0.7,-0.6591860468293511,9
95,2023-03-20 00:00:00,2023-09-13 00:00:00,2023-09-14 00:00:00,2023-10-19 00:00:00,vpin_slope10_p0.7,sharpe,1.5478092731652386,-0.2534915526379959,-0.00037273772821788675,-0.25349155263800277,9.0,1.0,0,vpin_slope10_p0.7,-0.2534915526379959,9
96,2023-04-18 00:00:00,2023-10-19 00:00:00,2023-10-20 00:00:00,2023-11-16 00:00:00,vpin_slope10_p0.7,sharpe,1.5990352137213106,6.612256674327529,0.007186353982192584,6.61225667432764,3.0,0.25,1,vpin_slope10_p0.9,8.824106595220098,9
97,2023-05-22 00:00:00,2023-11-16 00:00:00,2023-11-17 00:00:00,2023-12-15 00:00:00,vpin_slope10_p0.7,sharpe,1.3132920580043836,2.5627233614228695,0.004154010612573256,2.5627233614229246,5.0,0.5,0,vpin_slope10_p0.9,3.138842497806612,9
98,2023-06-19 00:00:00,2023-12-15 00:00:00,2023-12-18 00:00:00,2024-01-15 00:00:00,vpin_slope10_p0.8,sharpe,1.9021098226922284,1.4694728122804166,0.0019458974009394225,1.4694728122805014,8.0,0.875,0,vpin_slope10_p0.9,1.4694728122804797,9
99,2023-07-19 00:00:00,2024-01-15 00:00:00,2024-01-16 00:00:00,2024-02-20 00:00:00,vpin_slope10_p0.8,sharpe,1.8791557227937719,3.0404225316545817,0.004930002379539777,3.0404225316545492,8.0,0.875,0,vpin_slope10_p0.9,3.040422531654618,9
100,2023-08-16 00:00:00,2024-02-20 00:00:00,2024-02-22 00:00:00,2024-03-20 00:00:00,vpin_slope10_p0.8,sharpe,2.1293684068138576,0.29755404028593474,0.0005539677071140225,0.297554040285952,4.0,0.375,1,vpin_slope3_p0.7,3.906031664583248,9
101,2023-09-14 00:00:00,2024-03-20 00:00:00,2024-03-21 00:00:00,2024-04-19 00:00:00,vpin_slope10_p0.9,sharpe,2.202204785416341,2.516254997953287,0.00411321336383863,2.516254997953343,4.0,0.375,1,vpin_slope5_p0.7,6.822032070222498,9
102,2023-10-20 00:00:00,2024-04-19 00:00:00,2024-04-22 00:00:00,2024-05-23 00:00:00,vpin_slope10_p0.9,sharpe,3.311070096772208,-1.0270237777625897,-0.0024428689525917147,-1.0270237777625917,5.0,0.5,0,vpin_slope5_p0.9,-1.02702377776256,9
103,2023-11-17 00:00:00,2024-05-23 00:00:00,2024-05-24 00:00:00,2024-06-21 00:00:00,vpin_slope10_p0.9,sharpe,1.7182826031374914,4.037057496650449,0.0031753251280772776,4.037057496649072,9.0,1.0,0,vpin_slope10_p0.9,4.037057496650449,9
104,2023-12-18 00:00:00,2024-06-21 00:00:00,2024-06-24 00:00:00,2024-07-19 00:00:00,vpin_slope10_p0.9,sharpe,1.6239971809875668,2.117203609382336,0.0035972143480416108,2.117203609382269,8.0,0.875,0,vpin_slope3_p0.9,2.117203609382336,9
105,2024-01-16 00:00:00,2024-07-19 00:00:00,2024-07-22 00:00:00,2024-08-16 00:00:00,vpin_slope5_p0.9,sharpe,1.7717567383350379,0.8373243504056889,0.0022283330172581106,0.8373243504056676,7.0,0.75,0,vpin_slope3_p0.8,0.8373243504056889,9
106,2024-02-22 00:00:00,2024-08-16 00:00:00,2024-08-19 00:00:00,2024-09-18 00:00:00,vpin_slope5_p0.9,sharpe,1.4515061260056632,3.2528716071352397,0.005433982921837721,3.252871607135175,6.5,0.6875,0,vpin_slope3_p0.9,4.120370543664765,9
107,2024-03-21 00:00:00,2024-09-18 00:00:00,2024-09-19 00:00:00,2024-10-23 00:00:00,vpin_slope5_p0.9,sharpe,1.5764261443385903,-3.0218823985890686,-0.010092653892207148,-3.021882398589074,5.0,0.5,0,vpin_slope5_p0.7,-1.304204747540351,9
108,2024-04-22 00:00:00,2024-10-23 00:00:00,2024-10-24 00:00:00,2024-11-20 00:00:00,vpin_slope5_p0.9,sharpe,0.10647588375495211,5.794249043020096,0.007902714702754388,5.794249043019838,6.5,0.6875,0,vpin_slope3_p0.9,6.377367252084934,9
109,2024-05-24 00:00:00,2024-11-20 00:00:00,2024-11-21 00:00:00,2024-12-19 00:00:00,vpin_slope3_p0.9,sharpe,0.9703515549252059,6.620970752041476,0.016817749251283765,6.620970752041589,6.5,0.6875,0,vpin_slope10_p0.8,6.777007361885212,9
110,2024-06-24 00:00:00,2024-12-19 00:00:00,2024-12-20 00:00:00,2025-01-17 00:00:00,vpin_slope3_p0.9,sharpe,1.8836788781203628,0.9175722081474765,0.0020067412552522423,0.9175722081475041,6.0,0.625,0,vpin_slope3_p0.7,1.8797699211821572,9
111,2024-07-22 00:00:00,2025-01-17 00:00:00,2025-01-20 00:00:00,2025-02-25 00:00:00,vpin_slope3_p0.9,sharpe,1.7204022645986812,-3.290321038562887,-0.004989323404928525,-3.290321038562867,8.0,0.875,0,vpin_slope3_p0.9,-3.290321038562887,9
112,2024-08-19 00:00:00,2025-02-25 00:00:00,2025-02-26 00:00:00,2025-03-25 00:00:00,vpin_slope3_p0.9,sharpe,1.305177023759081,-1.0584538967657642,-0.0033986972968392815,-1.0584538967657728,7.0,0.75,0,vpin_slope5_p0.9,-1.0584538967657555,9
113,2024-09-19 00:00:00,2025-03-25 00:00:00,2025-03-26 00:00:00,2025-04-23 00:00:00,vpin_slope3_p0.9,sharpe,0.4794025322914134,3.634540409169532,0.010169491525424013,3.634540409169484,5.0,0.5,0,vpin_slope10_p0.8,3.634540409169558,9
114,2024-10-24 00:00:00,2025-04-23 00:00:00,2025-04-24 00:00:00,2025-05-27 00:00:00,vpin_slope3_p0.9,sharpe,2.0699210101941414,-3.51676648252123,-0.006492862634041696,-3.516766482521209,8.0,0.875,0,vpin_slope3_p0.9,-3.51676648252123,9
115,2024-11-21 00:00:00,2025-05-27 00:00:00,2025-05-28 00:00:00,2025-06-25 00:00:00,vpin_slope3_p0.9,sharpe,0.971947502959615,2.558047238731635,0.002247135300962322,2.5580472387319872,4.0,0.375,1,vpin_slope3_p0.7,4.346786555394773,9
116,2024-12-20 00:00:00,2025-06-25 00:00:00,2025-06-26 00:00:00,2025-07-23 00:00:00,vpin_slope3_p0.9,sharpe,-0.028427222408276265,-2.4807009625309053,-0.002658703807077001,-2.4807009625309284,8.0,0.875,0,vpin_slope3_p0.7,-1.0030029441679307,9
117,2025-01-20 00:00:00,2025-07-23 00:00:00,2025-07-24 00:00:00,2025-08-20 00:00:00,vpin_slope10_p0.9,sharpe,-0.3299017186108441,-3.535406713331529,-0.006127902690748144,-3.5354067133315636,5.0,0.5,0,vpin_slope3_p0.8,-3.466649440593975,9
118,2025-02-26 00:00:00,2025-08-20 00:00:00,2025-08-21 00:00:00,2025-09-18 00:00:00,vpin_slope10_p0.9,sharpe,-0.4162900259766936,2.7050926515352907,0.005250812645861691,2.7050926515352236,8.0,0.875,0,vpin_slope3_p0.9,2.7050926515352907,9
119,2025-03-26 00:00:00,2025-09-18 00:00:00,2025-09-19 00:00:00,2025-10-24 00:00:00,vpin_slope10_p0.9,sharpe,0.30649755565274345,2.0757649896635013,0.0027156996715953508,2.0757649896633965,1.0,0.0,1,vpin_slope3_p0.7,2.9751640473163916,9
120,2025-04-24 00:00:00,2025-10-24 00:00:00,2025-10-27 00:00:00,2025-11-21 00:00:00,vpin_slope10_p0.9,sharpe,-0.441389115613886,2.242365652874925,0.002201227265304251,2.2423656528747187,2.5,0.1875,1,vpin_slope5_p0.8,4.176375513907813,9
121,2025-05-28 00:00:00,2025-11-21 00:00:00,2025-11-24 00:00:00,2025-12-22 00:00:00,vpin_slope5_p0.9,sharpe,0.5717574722638594,-2.3514223036087003,-0.003839142995374023,-2.3514223036085586,5.0,0.5,0,vpin_slope5_p0.8,-0.06530262399970944,9
122,2025-06-26 00:00:00,2025-12-22 00:00:00,2025-12-23 00:00:00,2026-01-21 00:00:00,vpin_slope5_p0.8,sharpe,0.023595921278277112,4.344114352994967,0.004884341511171897,4.344114352995834,6.5,0.6875,0,vpin_slope3_p0.9,4.344114352995007,9
123,2025-07-24 00:00:00,2026-01-21 00:00:00,2026-01-22 00:00:00,2026-02-27 00:00:00,vpin_slope5_p0.8,sharpe,1.1302102007582673,1.5240447930065015,0.0009845845766949246,1.5240447930065744,3.0,0.25,1,vpin_slope5_p0.9,3.007263527798665,9
124,2025-08-21 00:00:00,2026-02-27 00:00:00,2026-03-02 00:00:00,2026-03-27 00:00:00,vpin_slope5_p0.8,sharpe,2.263434227785295,-0.4018809450595207,-0.0003255873866636616,-0.40188094505949906,3.0,0.25,1,vpin_slope3_p0.7,0.7985567661584445,9
125,2025-09-19 00:00:00,2026-03-27 00:00:00,2026-03-30 00:00:00,2026-04-27 00:00:00,vpin_slope5_p0.8,sharpe,2.16154983362957,1.4604554643231682,0.0014631174642649736,1.46045546432331,8.0,0.875,0,vpin_slope5_p0.7,1.4815811961338352,9
126,2025-10-27 00:00:00,2026-04-27 00:00:00,2026-04-28 00:00:00,2026-05-29 00:00:00,vpin_slope5_p0.8,sharpe,1.8926175540018988,5.24846721877244,0.004213922082212607,5.248467218772701,4.0,0.375,1,vpin_slope10_p0.7,5.796788853329074,9
127,2025-11-24 00:00:00,2026-05-29 00:00:00,2026-06-01 00:00:00,2026-06-29 00:00:00,vpin_slope5_p0.8,sharpe,1.9531555894470571,0.5451367349849572,0.0005442056413789143,0.5451367349850478,4.0,0.375,1,vpin_slope10_p0.9,2.170108803372047,9
128,2025-12-23 00:00:00,2026-06-29 00:00:00,2026-06-30 00:00:00,2026-07-27 00:00:00,vpin_slope10_p0.9,sharpe,2.5645437548240984,-0.5783449112828459,-0.0006199355566781639,-0.5783449112828839,8.0,0.875,0,vpin_slope3_p0.9,-0.5783449112828459,9
