datetime,qrs_N16_M600_S0.3,qrs_N16_M600_S0.5,qrs_N16_M600_S0.7,qrs_N20_M800_S0.3,qrs_N20_M800_S0.5,qrs_N20_M800_S0.7
2024-01-30,0.002325356070149054,0.002325356070149054,0.002325356070149054,0.002325356070149054,0.002325356070149054,0.002325356070149054
2024-01-31,0.0011599806669886359,0.0011599806669886359,0.0011599806669886359,0.0011599806669886359,0.0011599806669886359,0.0011599806669886359
2024-02-01,-0.000724147919281215,-0.000724147919281215,-0.000724147919281215,-0.000724147919281215,-0.000724147919281215,-0.000724147919281215
2024-02-02,0.00028986907580197396,0.00028986907580197396,0.00028986907580197396,0.00028986907580197396,0.00028986907580197396,0.00028986907580197396
2024-02-05,0.0009176527408842894,0.0009176527408842894,0.0009176527408842894,0.0009176527408842894,0.0009176527408842894,0.0009176527408842894
2024-02-06,-0.0032812198417292437,-0.0032812198417292437,-0.0032812198417292437,-0.0032812198417292437,-0.0032812198417292437,-0.0032812198417292437
2024-02-07,0.0012587141750577402,0.0012587141750577402,0.0012587141750577402,0.0012587141750577402,0.0012587141750577402,0.0012587141750577402
2024-02-08,0.002122126971245031,0.002122126971245031,0.002122126971245031,0.002122126971245031,0.002122126971245031,0.002122126971245031
2024-02-19,-0.0015969457076893123,-0.0015969457076893123,-0.0015969457076893123,-0.0015969457076893123,-0.0015969457076893123,-0.0015969457076893123
2024-02-20,-0.000773895083663767,-0.000773895083663767,-0.000773895083663767,-0.000773895083663767,-0.000773895083663767,-0.000773895083663767
2024-02-21,-0.0014023409554901889,-0.0014023409554901889,-0.0014023409554901889,-0.0014023409554901889,-0.0014023409554901889,-0.0014023409554901889
2024-02-22,0.0010053724298741962,0.0010053724298741962,-0.00044238544811903147,0.00032925086068269493,-0.0008277770303304344,-0.0008277770303304344
2024-02-23,4.8185804461642334e-05,4.8185804461642334e-05,4.8185804461642334e-05,4.8185804461642334e-05,4.8185804461642334e-05,4.8185804461642334e-05
2024-02-26,0.001060036619446203,0.001060036619446203,0.001060036619446203,0.001060036619446203,0.001060036619446203,0.001060036619446203
2024-02-27,-0.0002887947631889931,-0.0002887947631889931,-0.0002887947631889931,-0.0002887947631889931,-0.0002887947631889931,-0.0002887947631889931
2024-02-28,0.0017332691381801713,0.0017332691381801713,0.0017332691381801713,0.0017332691381801713,0.0017332691381801713,0.0017332691381801713
2024-02-29,0.0005767567047962885,0.0005767567047962885,0.0005767567047962885,0.0005767567047962885,0.0005767567047962885,0.0005767567047962885
2024-03-01,-0.004323181861850878,-0.004323181861850878,-0.004323181861850878,-0.004323181861850878,-0.004323181861850878,-0.004323181861850878
2024-03-04,0.0022192203782329667,0.0022192203782329667,0.0022192203782329667,0.0022192203782329667,0.0022192203782329667,0.0022192203782329667
2024-03-05,-0.0010677382255418477,0.0007607665305793265,0.00037580376129175974,-0.0006828617344366572,0.0007607665305793265,-0.0008741405383494438
2024-03-06,-0.000154920777924894,-0.000154920777924894,-0.000154920777924894,-0.000154920777924894,-0.000154920777924894,-0.000154920777924894
2024-03-07,-0.0006718172657028676,-0.0006718172657028676,-0.0006718172657028676,-0.0006718172657028676,-0.0006718172657028676,-0.0006718172657028676
2024-03-08,-0.0006722689075632227,-0.0006722689075632227,-0.0006722689075632227,-0.0006722689075632227,-0.0006722689075632227,-0.0006722689075632227
2024-03-11,-0.0006727211570806135,-0.0006727211570806135,-0.0006727211570806135,-0.0006727211570806135,-0.0006727211570806135,-0.0006727211570806135
2024-03-12,-0.0018752704717021063,-0.0018752704717021063,-0.0018752704717021063,-0.0018752704717021063,-0.0018752704717021063,-0.0018752704717021063
2024-03-13,-0.0023687399735612402,-0.0037142599182957703,-0.005922653491549745,-0.005922653491549745,-0.005922653491549745,-0.005922653491549745
2024-03-14,0.0016353347752626757,0.0016353347752626757,0.0016353347752626757,0.0016353347752626757,0.0016353347752626757,0.0016353347752626757
2024-03-15,-0.0013500170510749587,-0.0013500170510749587,-0.0013500170510749587,-0.0013500170510749587,-0.0013500170510749587,-0.0013500170510749587
2024-03-18,-0.0004831167492145294,-0.0004831167492145294,-0.0004831167492145294,-0.0004831167492145294,-0.0004831167492145294,-0.0004831167492145294
2024-03-19,-0.0018753438369183417,-0.0018753438369183417,-0.0018753438369183417,-0.0018753438369183417,-0.0018753438369183417,-0.0018753438369183417
2024-03-20,-0.0003454860514815472,-0.0003454860514815472,-0.0003454860514815472,-0.0003454860514815472,-0.0003454860514815472,-0.0003454860514815472
2024-03-21,0.0013952369497232109,0.0013952369497232109,0.0013952369497232109,0.0013952369497232109,0.0013952369497232109,0.0013952369497232109
2024-03-22,-0.0024983184395117597,-0.0024983184395117597,-0.0024983184395117597,-0.0024983184395117597,-0.0024983184395117597,-0.0024983184395117597
2024-03-25,-0.00014449475002420442,-0.00014449475002420442,-0.00014449475002420442,-0.00014449475002420442,-0.00014449475002420442,-0.00014449475002420442
2024-03-26,-0.0002979577968222902,-0.0002979577968222902,-0.00028903126354917763,-0.0002979577968222902,-0.0002979577968222902,-0.0002979577968222902
2024-03-27,-0.0013969457018524478,-0.0013969457018524478,0.0013973883293971756,-0.0013969457018524478,-0.0013969457018524478,-0.0013969457018524478
2024-03-28,9.452463333858852e-05,9.452463333858852e-05,-9.623712828499276e-05,9.452463333858852e-05,9.452463333858852e-05,9.452463333858852e-05
2024-03-29,-0.002018778379323183,-0.002018778379323183,-0.0030819305150573406,-0.002018778379323183,-0.002018778379323183,-0.002018778379323183
2024-04-01,-6.099288689875859e-05,-6.099288689875859e-05,0.001672324889229193,-6.099288689875859e-05,-6.099288689875859e-05,-6.099288689875859e-05
2024-04-02,0.0012044129691182182,0.0012044129691182182,0.0012044129691182182,0.0012044129691182182,0.0012044129691182182,0.0012044129691182182
2024-04-03,0.0011067269752675912,0.0011067269752675912,0.0011067269752675912,0.0011067269752675912,0.0011067269752675912,0.0011067269752675912
2024-04-08,0.0008171112713286632,0.0008171112713286632,0.0008171112713286632,0.0008171112713286632,0.0008171112713286632,0.0008171112713286632
2024-04-09,0.0012486792815298298,0.0012486792815298298,0.0012486792815298298,0.0012486792815298298,0.0012486792815298298,0.0012486792815298298
2024-04-10,-0.000959324635456893,-0.000959324635456893,-0.000959324635456893,-0.000959324635456893,-0.000959324635456893,-0.000959324635456893
2024-04-11,0.00033608603802592896,0.00033608603802592896,0.00033608603802592896,0.00033608603802592896,0.00033608603802592896,0.00033608603802592896
2024-04-12,0.0021118310535162,0.0021118310535162,0.0021118310535162,0.0021118310535162,0.0021118310535162,0.0021118310535162
2024-04-15,0.00019158005651664922,0.00019158005651664922,0.00019158005651664922,0.00019158005651664922,0.00019158005651664922,0.00019158005651664922
2024-04-16,0.0004309725614144444,0.0004309725614144444,0.0004309725614144444,0.0004309725614144444,0.0004309725614144444,0.0004309725614144444
2024-04-17,4.78652115643019e-05,4.78652115643019e-05,4.78652115643019e-05,4.78652115643019e-05,4.78652115643019e-05,4.78652115643019e-05
2024-04-18,0.0013880246972672872,0.0013880246972672872,0.0013880246972672872,0.0013880246972672872,0.0013880246972672872,0.0013880246972672872
2024-04-19,-0.00033457604435516153,-0.00033457604435516153,-0.00033457604435516153,-0.00033457604435516153,-0.00033457604435516153,-0.00033457604435516153
2024-04-22,0.0006693760459006715,0.0006693760459006715,0.0006693760459006715,0.0006693760459006715,0.0006693760459006715,0.0006693760459006715
2024-04-23,0.0019112236609490907,0.0019112236609490907,0.0019112236609490907,0.0019112236609490907,0.0019112236609490907,0.0019112236609490907
2024-04-24,-0.0034813295817632817,-0.0034813295817632817,-0.0034813295817632817,-0.0034813295817632817,-0.0034813295817632817,-0.0034813295817632817
2024-04-25,-9.571209800951497e-05,-9.571209800951497e-05,-9.571209800951497e-05,-9.571209800951497e-05,-9.571209800951497e-05,-9.571209800951497e-05
2024-04-26,0.0038770319874112946,0.0038770319874112946,-0.0026323346415241256,0.0005196301182195384,-0.0026323346415241256,-0.0026323346415241256
2024-04-29,0.003937887151058694,0.003937887151058694,-0.003934929699122458,0.003937887151058694,-0.003078525833376644,-0.0029824484706744148
2024-04-30,-0.0031765328789206126,-0.0031765328789206126,0.0031796502384739966,-0.0031765328789206126,-0.0031765328789206126,-0.0031765328789206126
2024-05-06,-2.763843204744987e-06,-2.763843204744987e-06,-0.0013526309131275394,-2.763843204744987e-06,-2.763843204744987e-06,-2.763843204744987e-06
2024-05-07,-0.0024934895934063395,-0.0024934895934063395,-0.0024934895934063395,-0.0024934895934063395,-0.0024934895934063395,-0.0024934895934063395
2024-05-08,-0.0004796888819209588,-0.0004796888819209588,-0.0004796888819209588,-0.0004796888819209588,-0.0004796888819209588,-0.0004796888819209588
2024-05-09,-0.00010571092613476107,-0.00010571092613476107,-0.00010571092613476107,-0.0009677624247861338,-0.00010571092613476107,-0.00010571092613476107
2024-05-10,0.0007676438132708796,0.0007676438132708796,0.0007676438132708796,0.0007676438132708796,0.0007676438132708796,0.0007676438132708796
2024-05-13,0.0014382281029770017,0.0014382281029770017,0.0014382281029770017,0.0014382281029770017,0.0014382281029770017,0.0014382281029770017
2024-05-14,0.00019148834314730578,0.00019148834314730578,0.00019148834314730578,0.00019148834314730578,0.00019148834314730578,0.00019148834314730578
2024-05-15,-0.00023931460297721419,-0.00023931460297721419,-0.00023931460297721419,-0.00023931460297721419,-0.00023931460297721419,-0.00023931460297721419
2024-05-16,-0.001627728839525222,-0.001627728839525222,-0.001627728839525222,-0.001627728839525222,-0.001627728839525222,-0.001627728839525222
2024-05-17,-0.00019180972475307811,-0.00019180972475307811,-0.00019180972475307811,-0.00019180972475307811,-0.00019180972475307811,-0.00019180972475307811
2024-05-20,0.00028776978417233146,0.00028776978417233146,0.00028776978417233146,0.00028776978417233146,0.00028776978417233146,0.00028776978417233146
2024-05-21,-0.0017345999755026265,-0.0017345999755026265,-0.0006712696586117506,-0.0017345999755026265,-0.0017345999755026265,-0.0017345999755026265
2024-05-22,-0.000624062118254276,-0.000624062118254276,0.0003273428342009943,-0.000624062118254276,-0.000624062118254276,-0.000624062118254276
2024-05-23,-0.0008153353451849643,-0.0008153353451849643,-0.0008153353451849643,-0.0008153353451849643,-0.0008153353451849643,-0.0008153353451849643
2024-05-24,0.0005259696668260538,0.0005259696668260538,0.0005259696668260538,0.0005259696668260538,0.0005259696668260538,0.0005259696668260538
2024-05-27,0.0004707389145073293,0.0004707389145073293,0.0007586039353062457,0.0007586039353062457,0.0007585655310555772,0.0010465267782369114
2024-05-28,0.0011500311466765556,0.0011500311466765556,0.0011500311466765556,0.0011500311466765556,0.0011500311466765556,0.0011500311466765556
2024-05-29,0.0003350404441673227,0.0003350404441673227,0.0003350404441673227,0.0003350404441673227,0.0003350404441673227,0.0003350404441673227
2024-05-30,-0.00014354066985644565,-0.00014354066985644565,-0.00014354066985644565,-0.00014354066985644565,-0.00014354066985644565,-0.00014354066985644565
2024-05-31,-0.0012920514906443747,-0.0012920514906443747,-0.0012920514906443747,-0.0012920514906443747,-0.0012920514906443747,-0.0012920514906443747
2024-06-03,0.0017249640632495122,0.0017249640632495122,0.0017249640632495122,0.0017249640632495122,0.0017249640632495122,0.0017249640632495122
2024-06-04,0.00043049842150599815,0.00043049842150599815,0.00043049842150599815,0.00043049842150599815,0.00043049842150599815,0.00043049842150599815
2024-06-05,0.0009084389194351505,0.0009084389194351505,0.0009084389194351505,0.0009084389194351505,0.0009084389194351505,0.0009084389194351505
2024-06-06,4.77691793254742e-05,4.77691793254742e-05,4.77691793254742e-05,4.77691793254742e-05,4.77691793254742e-05,4.77691793254742e-05
2024-06-07,0.00019106759015974362,0.00019106759015974362,0.00019106759015974362,0.00019106759015974362,0.00019106759015974362,0.00019106759015974362
2024-06-11,0.0006208510435075087,0.0006208510435075087,0.0006208510435075087,0.0006208510435075087,0.0006208510435075087,0.0006208510435075087
2024-06-12,-0.0006204658266510954,-0.0006204658266510954,-0.0006204658266510954,-0.0006204658266510954,-0.0006204658266510954,-0.0006204658266510954
2024-06-13,0.00023878886288875023,0.00023878886288875023,0.00023878886288875023,0.00023878886288875023,0.00023878886288875023,0.00023878886288875023
2024-06-14,0.00033422459893084344,0.00033422459893084344,0.00033422459893084344,0.00033422459893084344,0.00033422459893084344,0.00033422459893084344
2024-06-17,9.546083719103038e-05,9.546083719103038e-05,9.546083719103038e-05,9.546083719103038e-05,9.546083719103038e-05,9.546083719103038e-05
2024-06-18,0.0008590655276097259,0.0008590655276097259,0.0008590655276097259,0.0008590655276097259,0.0008590655276097259,0.0008590655276097259
2024-06-19,0.0011444375566260767,0.0011444375566260767,0.0011444375566260767,0.0011444375566260767,0.0011444375566260767,0.0011444375566260767
2024-06-20,0.0003810431055011332,0.0003810431055011332,0.0003810431055011332,0.0003810431055011332,0.0003810431055011332,0.0003810431055011332
2024-06-21,-0.00099985716326223,-0.00099985716326223,-0.00099985716326223,-0.00099985716326223,-0.00099985716326223,-0.00099985716326223
2024-06-24,0.0013821370698696711,0.0013821370698696711,0.0013821370698696711,0.0013821370698696711,0.0013821370698696711,0.0013821370698696711
2024-06-25,0.0009042882299750143,0.0009042882299750143,0.0009042882299750143,0.0009042882299750143,0.0009042882299750143,0.0009042882299750143
2024-06-26,-0.00014265335235430499,-0.00014265335235430499,-0.00014265335235430499,-0.00014265335235430499,-0.00014265335235430499,-0.00014265335235430499
2024-06-27,0.001616968659342799,0.001616968659342799,0.001616968659342799,0.001616968659342799,0.001616968659342799,0.001616968659342799
2024-06-28,0.00014244337875690682,0.00014244337875690682,0.00014244337875690682,0.00014244337875690682,0.00014244337875690682,0.00014244337875690682
2024-07-01,-0.0032757311052030724,-0.0032757311052030724,-0.0032757311052030724,-0.0032757311052030724,-0.0032757311052030724,-0.0032757311052030724
2024-07-02,0.0025244105739465894,0.0025244105739465894,0.0025244105739465894,0.0025244105739465894,0.0025244105739465894,0.0025244105739465894
2024-07-03,0.0012352717597872154,0.0012352717597872154,0.0012352717597872154,0.0012352717597872154,0.0012352717597872154,0.0012352717597872154
2024-07-04,-0.0009490367277215084,-0.0009490367277215084,-0.0009490367277215084,-0.0009490367277215084,-0.0009490367277215084,-0.0009490367277215084
2024-07-05,-0.0012824166429175055,-0.0012824166429175055,-0.0012824166429175055,-0.0012824166429175055,-0.0012824166429175055,-0.0012824166429175055
2024-07-08,-0.0038142774590678163,-0.0038142774590678163,-0.0038142774590678163,-0.0038142774590678163,-0.0038142774590678163,-0.0038142774590678163
2024-07-09,-0.0020008612597472997,-0.0020008612597472997,-0.0020008612597472997,-0.0020008612597472997,-0.0020008612597472997,-0.0020008612597472997
2024-07-10,-0.00023867689540402193,-0.00023867689540402193,-0.00023867689540402193,-0.00023867689540402193,-0.00023867689540402193,-0.00023867689540402193
2024-07-11,-0.00019066135202860934,-0.00019066135202860934,-0.00019066135202860934,-0.00019066135202860934,-0.00019066135202860934,-0.00019066135202860934
2024-07-12,-0.001093367938720724,-0.001093367938720724,-0.001093367938720724,-0.001093367938720724,-0.001093367938720724,-0.001093367938720724
2024-07-15,-0.0009024249088165348,-0.0009024249088165348,-0.0009024249088165348,-0.0009024249088165348,-0.0009024249088165348,-0.0009024249088165348
2024-07-16,-0.0008641158246360803,-0.0009589389437457685,-0.0004860853404713428,-0.0008641158246360803,-0.0009589389437457685,-0.0003810380590916207
2024-07-17,0.0005219206680577848,0.0005219206680577848,0.0005219206680577848,0.0005219206680577848,0.0005219206680577848,-0.000721806804807712
2024-07-18,-0.001280409731114318,-0.001280409731114318,-0.001280409731114318,-0.001280409731114318,-0.001280409731114318,-0.001280409731114318
2024-07-19,0.0015194681861352421,0.0015194681861352421,0.0015194681861352421,0.0015194681861352421,0.0015194681861352421,0.0015194681861352421
2024-07-22,0.0024179783804281207,0.0024179783804281207,0.0024179783804281207,0.0024179783804281207,0.0024179783804281207,0.0024179783804281207
2024-07-23,0.0014662063094164068,0.0014662063094164068,0.0014662063094164068,0.0014662063094164068,0.0014662063094164068,0.0014662063094164068
2024-07-24,-9.445546424879936e-05,-9.445546424879936e-05,-9.445546424879936e-05,-9.445546424879936e-05,-9.445546424879936e-05,-9.445546424879936e-05
2024-07-25,-0.000236160967316823,-0.000236160967316823,-0.000236160967316823,-0.000236160967316823,-0.000236160967316823,-0.000236160967316823
2024-07-26,0.0008503803089721096,0.0008503803089721096,0.0008503803089721096,0.0008503803089721096,0.0008503803089721096,0.0008503803089721096
2024-07-29,0.0002360160490910701,0.0002360160490910701,0.0002360160490910701,0.0002360160490910701,0.0002360160490910701,0.0002360160490910701
2024-07-30,9.43841434637438e-05,9.43841434637438e-05,9.43841434637438e-05,9.43841434637438e-05,9.43841434637438e-05,9.43841434637438e-05
2024-07-31,0.0014628161570406917,0.0014628161570406917,0.0014628161570406917,0.0014628161570406917,0.0014628161570406917,0.0014628161570406917
2024-08-01,0.001413560759552679,0.001413560759552679,0.001413560759552679,0.001413560759552679,0.001413560759552679,0.001413560759552679
2024-08-02,0.000423469627815809,0.000423469627815809,0.000423469627815809,0.000423469627815809,0.000423469627815809,0.000423469627815809
2024-08-05,0.0022575486783933396,0.0022575486783933396,0.0022575486783933396,0.0022575486783933396,0.0022575486783933396,0.0022575486783933396
2024-08-06,-0.0022524636320975233,-0.0022524636320975233,-0.0022524636320975233,-0.0022524636320975233,-0.0022524636320975233,-0.0022524636320975233
2024-08-07,0.0019283228294610932,0.0019283228294610932,0.0019283228294610932,0.0019283228294610932,0.0019283228294610932,0.0019283228294610932
2024-08-08,-0.0030512134441159633,-0.0030512134441159633,-0.0030512134441159633,-0.0030512134441159633,-0.0030512134441159633,-0.0030512134441159633
2024-08-09,-0.0023071852340141863,-0.0023071852340141863,-0.0023071852340141863,-0.0023071852340141863,-0.0023071852340141863,-0.0023071852340141863
2024-08-12,-0.0026053632532132553,-0.005993675963943956,-0.005993675963943956,-0.0026053632532132553,-0.005993675963943956,-0.005993675963943956
2024-08-13,-0.0021341488276385157,0.002410180955818131,0.002410180955818131,-0.0021341488276385157,0.002790184134525031,0.002790184134525031
2024-08-14,-0.0014732842413661684,-0.0014732842413661684,-0.0014732842413661684,-0.0014732842413661684,-0.0014732842413661684,-0.0014732842413661684
2024-08-15,0.0013712818726470122,0.0013712818726470122,0.0013712818726470122,0.0013712818726470122,0.0013712818726470122,0.0013712818726470122
2024-08-16,-0.0014200905119167162,-0.0014200905119167162,-0.0014200905119167162,-0.0014200905119167162,-0.0014200905119167162,-0.0014200905119167162
2024-08-19,-0.0009940137314041753,-0.0009940137314041753,-0.0009940137314041753,-0.0009940137314041753,-0.0009940137314041753,-0.0009940137314041753
2024-08-20,0.0011238961183253071,0.0011238961183253071,0.0011238961183253071,0.0011238961183253071,0.0011238961183253071,0.0011238961183253071
2024-08-21,-0.0025994895547782892,-0.0025994895547782892,-0.0025994895547782892,-0.0025994895547782892,-0.0025994895547782892,-0.0025994895547782892
2024-08-22,0.003269677297066398,0.003269677297066398,0.003269677297066398,0.003269677297066398,0.003269677297066398,0.003269677297066398
2024-08-23,0.0008501794823352338,0.0008501794823352338,0.0008501794823352338,0.0008501794823352338,0.0008501794823352338,0.0008501794823352338
2024-08-26,0.00047192071731849694,0.00047192071731849694,0.00047192071731849694,0.00047192071731849694,0.00047192071731849694,0.00047192071731849694
2024-08-27,-0.002452830188679478,-0.002452830188679478,-0.002452830188679478,-0.002452830188679478,-0.002452830188679478,-0.002452830188679478
2024-08-28,0.0015131454511070341,0.0015131454511070341,0.0015131454511070341,0.0015131454511070341,0.0015131454511070341,0.0015131454511070341
2024-08-29,-0.0006610009442874487,-0.0006610009442874487,-0.0006610009442874487,-0.0006610009442874487,-0.0006610009442874487,-0.0006610009442874487
2024-08-30,-0.0007086837380699818,-0.0007086837380699818,-0.0007086837380699818,-0.0007086837380699818,-0.0007086837380699818,-0.0007086837380699818
2024-09-02,0.0013597470785819965,0.0013597470785819965,0.0013597470785819965,0.0011707973740060496,0.0011707973740060496,0.0011707973740060496
2024-09-03,-0.0003311528912288697,-0.0003311528912288697,-0.0003311528912288697,-0.0003311528912288697,-0.0003311528912288697,-0.0003311528912288697
2024-09-04,-0.0018480004181381515,-0.0018480004181381515,-0.0016599332434996672,-0.0018480004181381515,-0.0018480004181381515,-0.0016599332434996672
2024-09-05,0.00023556016206471853,0.00023556016206471853,0.00023556016206471853,0.00023556016206471853,0.00023556016206471853,0.00023556016206471853
2024-09-06,0.0013188262446419685,0.0013188262446419685,0.0013188262446419685,0.0013188262446419685,0.0013188262446419685,0.0013188262446419685
2024-09-09,0.0009407780234260699,0.0009407780234260699,0.0009407780234260699,0.0009407780234260699,0.0009407780234260699,0.0009407780234260699
2024-09-10,0.0019267822736035445,0.0019267822736035445,0.0019267822736035445,0.0019267822736035445,0.0019267822736035445,0.0019267822736035445
2024-09-11,0.0009380863039394338,0.0009380863039394338,0.0009380863039394338,0.0009380863039394338,0.0009380863039394338,0.0009380863039394338
2024-09-12,-0.0006091846298030834,-0.0006091846298030834,-0.0006091846298030834,-0.0006091846298030834,-0.0006091846298030834,-0.0006091846298030834
2024-09-13,0.0015942232850389981,0.0015942232850389981,0.0015942232850389981,0.0015942232850389981,0.0015942232850389981,0.0015942232850389981
2024-09-18,0.0009362857544112924,0.0009362857544112924,0.0009362857544112924,0.0009362857544112924,0.0009362857544112924,0.0009362857544112924
2024-09-19,-0.0011224919320887983,-0.0011224919320887983,-0.0011224919320887983,-0.0011224919320887983,-0.0011224919320887983,-0.0011224919320887983
2024-09-20,0.001685630004214067,0.001685630004214067,0.001685630004214067,0.001685630004214067,0.001685630004214067,0.001685630004214067
2024-09-23,-0.0003272098349927921,-0.0003272098349927921,-0.0003272098349927921,-0.0003272098349927921,-0.0003272098349927921,-0.0003272098349927921
2024-09-24,-0.002431497241186076,-0.002431497241186076,-0.002431497241186076,-0.002431497241186076,-0.002431497241186076,-0.002431497241186076
2024-09-25,0.0026249179713142556,0.0026249179713142556,0.0026249179713142556,0.0026249179713142556,0.0026249179713142556,0.0026249179713142556
2024-09-26,0.003969426460398662,-0.0007139888056030275,-0.003225806451612634,-0.00033944604484825724,-0.0007139888056030275,-5.851372814713596e-05
2024-09-27,0.009091621377315784,0.009091621377315784,-0.01441550800253888,0.009091621377315784,0.009091621377315784,0.009091621377315784
2024-09-30,0.002561635407779539,0.002561635407779539,0.002561635407779539,0.002561635407779539,0.002561635407779539,0.002561635407779539
2024-10-08,0.00015437610196156193,0.00015437610196156193,0.00015437610196156193,0.00015437610196156193,0.00015437610196156193,0.00015437610196156193
2024-10-09,-0.002518966018241753,-0.002518966018241753,-0.002518966018241753,-0.002518966018241753,-0.002518966018241753,-0.002518966018241753
2024-10-10,-0.002365508501361413,-0.002365508501361413,-0.002365508501361413,-0.002365508501361413,-0.002365508501361413,-0.002365508501361413
2024-10-11,-0.000477856796428866,-0.000477856796428866,-0.000477856796428866,-0.000477856796428866,-0.000477856796428866,-0.000477856796428866
2024-10-14,-0.00023922076870264153,-0.00023922076870264153,-0.00023922076870264153,-0.00023922076870264153,-0.00023922076870264153,-0.00023922076870264153
2024-10-15,0.0022533491300942288,0.002537257311194363,0.002537257311194363,0.0022533491300942288,0.002158671388420963,0.0016858128182635213
2024-10-16,-0.000894664971512471,-0.000894664971512471,-0.000894664971512471,-0.000894664971512471,-0.000894664971512471,-0.000894664971512471
2024-10-17,0.002403619568290827,0.002403619568290827,0.002403619568290827,0.002403619568290827,0.002403619568290827,0.002403619568290827
2024-10-18,-0.0017396210447131466,-0.0017396210447131466,-0.0017396210447131466,-0.0017396210447131466,-0.0017396210447131466,-0.0017396210447131466
2024-10-21,0.0008948756593816221,0.0008948756593816221,0.0008948756593816221,0.0008948756593816221,0.0008948756593816221,0.0008948756593816221
2024-10-22,-0.002070490800432978,-0.002070490800432978,-0.002070490800432978,-0.002070490800432978,-0.002070490800432978,-0.002070490800432978
2024-10-23,-0.0015560899702924402,-0.0015560899702924402,-0.0015560899702924402,-0.0015560899702924402,-0.0015560899702924402,-0.0015560899702924402
2024-10-24,0.0032501105831210797,-0.0007194327607719098,-0.0014749220742413804,0.0032501105831210797,-0.0014749220742413804,-0.0014749220742413804
2024-10-25,-0.0002860230024357424,-0.0002860230024357424,-0.0002860230024357424,-0.0002860230024357424,-0.0002860230024357424,-0.0002860230024357424
2024-10-28,-0.0005687817227965075,-0.0005687817227965075,-0.0005687817227965075,-0.0005687817227965075,-0.0005687817227965075,-0.0005687817227965075
2024-10-29,-0.000992404258343016,-0.000992404258343016,-0.000992404258343016,-0.000992404258343016,-0.000992404258343016,-0.000992404258343016
2024-10-30,0.0001876765113710821,0.0001876765113710821,0.0001876765113710821,0.0001876765113710821,0.0001876765113710821,0.0001876765113710821
2024-10-31,-9.5400195961437e-05,-9.5400195961437e-05,-9.5400195961437e-05,-9.5400195961437e-05,-9.5400195961437e-05,-9.5400195961437e-05
2024-11-01,0.0012611252437275677,0.0012611252437275677,0.0002225997965279447,0.0012611252437275677,0.0012611252437275677,0.000694376616008574
2024-11-04,-0.0005179151560801287,-0.0005179151560801287,-0.0005179151560801287,-0.0005179151560801287,-0.0005179151560801287,-0.0005179151560801287
2024-11-05,0.0017429809685316489,0.0017429809685316489,0.0017429809685316489,0.0017429809685316489,0.0017429809685316489,0.0017429809685316489
2024-11-06,-4.7025628968300204e-05,-4.7025628968300204e-05,-4.7025628968300204e-05,-4.7025628968300204e-05,-4.7025628968300204e-05,-4.7025628968300204e-05
2024-11-07,0.0012227238525210904,0.0012227238525210904,0.0012227238525210904,0.0012227238525210904,0.0012227238525210904,0.0012227238525210904
2024-11-08,0.00018788163457017504,0.00018788163457017504,0.00018788163457017504,0.00018788163457017504,0.00018788163457017504,0.00018788163457017504
2024-11-11,0.00014088475626894414,0.00014088475626894414,0.00014088475626894414,0.00014088475626894414,0.00014088475626894414,0.00014088475626894414
2024-11-12,0.0028172982110155065,0.0028172982110155065,0.0028172982110155065,0.0028172982110155065,0.0028172982110155065,0.0028172982110155065
2024-11-13,-0.000702345835088769,-0.000702345835088769,-0.000702345835088769,-0.000702345835088769,-0.000702345835088769,-0.000702345835088769
2024-11-14,4.6855964764613844e-05,4.6855964764613844e-05,4.6855964764613844e-05,4.6855964764613844e-05,4.6855964764613844e-05,4.6855964764613844e-05
2024-11-15,-4.685376938629027e-05,-4.685376938629027e-05,-4.685376938629027e-05,-4.685376938629027e-05,-4.685376938629027e-05,-4.685376938629027e-05
2024-11-18,-0.001499390872457318,-0.001499390872457318,-0.001499390872457318,-0.001499390872457318,-0.001499390872457318,-0.001499390872457318
2024-11-19,0.001877053026747122,0.001877053026747122,0.001877053026747122,0.001877053026747122,0.001877053026747122,0.001877053026747122
2024-11-20,-0.0007494145199057334,-0.0007494145199057334,-0.0007494145199057334,-0.0007494145199057334,-0.0007494145199057334,-0.0007494145199057334
2024-11-21,-0.0008554339924751186,-0.0008554339924751186,-0.0011362371828739226,-0.0008554339924751186,-0.0008554339924751186,-0.0008554339924751186
2024-11-22,-0.0009483810238657409,-0.0009483810238657409,-0.0008551376792299559,-0.0009483810238657409,-0.0008551376792299559,-0.0008551376792299559
2024-11-25,0.001543065556906642,0.001543065556906642,0.001543065556906642,0.001543065556906642,0.001543065556906642,0.001543065556906642
2024-11-26,-0.0005135627246847241,-0.0005135627246847241,-0.0005135627246847241,-0.0005135627246847241,-0.0005135627246847241,-0.0005135627246847241
2024-11-27,-0.00028026905829570126,-0.00028026905829570126,-0.00028026905829570126,-0.00028026905829570126,-0.00028026905829570126,-0.00028026905829570126
2024-11-28,0.0014951873656663395,0.0014951873656663395,0.0014951873656663395,0.0014951873656663395,0.0014951873656663395,0.0014951873656663395
2024-11-29,-0.0007464775590184658,-0.0007464775590184658,-0.0007464775590184658,-0.0007464775590184658,-0.0007464775590184658,-0.0007464775590184658
2024-12-02,0.0038285554206747285,0.0038285554206747285,0.0038285554206747285,0.0038285554206747285,0.0038285554206747285,0.0038285554206747285
2024-12-03,-0.001860465116279686,-0.001860465116279686,-0.001860465116279686,-0.001860465116279686,-0.001860465116279686,-0.001860465116279686
2024-12-04,0.002609506057782429,0.002609506057782429,0.002609506057782429,0.002609506057782429,0.002609506057782429,0.002609506057782429
2024-12-05,-0.00013943112102632327,-0.00013943112102632327,-0.00013943112102632327,-0.00013943112102632327,-0.00013943112102632327,-0.00013943112102632327
2024-12-06,-0.0001394505647751565,-0.0001394505647751565,-0.0001394505647751565,-0.0001394505647751565,-0.0001394505647751565,-0.0001394505647751565
2024-12-09,-0.0003254300325428172,-0.0003254300325428172,-0.0003254300325428172,-0.0003254300325428172,-0.0003254300325428172,-0.0003254300325428172
2024-12-10,0.006510719434497991,0.006510719434497991,0.006510719434497991,0.006510719434497991,0.006510719434497991,0.006510719434497991
2024-12-11,-0.0008778819941783755,-0.0008778819941783755,-0.0008778819941783755,-0.0008778819941783755,-0.0008778819941783755,-0.0008778819941783755
2024-12-12,0.0014798372179054553,0.0014798372179054553,0.0014798372179054553,0.0014798372179054553,0.0014798372179054553,0.0014798372179054553
2024-12-13,0.0019394163280395116,0.0019394163280395116,0.0019394163280395116,0.0019394163280395116,0.0019394163280395116,0.0019394163280395116
2024-12-16,0.0020739238639504443,0.0020739238639504443,0.0020739238639504443,0.0020739238639504443,0.0020739238639504443,0.0020739238639504443
2024-12-17,-0.0009198362691440476,-0.0009198362691440476,-0.0009198362691440476,-0.0009198362691440476,-0.0009198362691440476,-0.0009198362691440476
2024-12-18,-0.0013810247203424053,-0.0013810247203424053,-0.0013810247203424053,-0.0013810247203424053,-0.0013810247203424053,-0.0013810247203424053
2024-12-19,0.0006453694740236049,0.0006453694740236049,0.0006453694740236049,0.0006453694740236049,0.0006453694740236049,0.0006453694740236049
2024-12-20,0.0033169023817203325,0.0033169023817203325,0.0033169023817203325,0.0033169023817203325,0.0033169023817203325,0.0033169023817203325
2024-12-23,-0.001285642132329401,-0.001285642132329401,-0.001285642132329401,-0.001285642132329401,-0.001285642132329401,-0.001285642132329401
2024-12-24,-0.0005057238747633308,-0.0005057238747633308,-0.0005057238747633308,-0.0005057238747633308,-0.0005057238747633308,-0.0005057238747633308
2024-12-25,-0.0009199632014712522,-0.0009199632014712522,-0.0009199632014712522,-0.0009199632014712522,-0.0009199632014712522,-0.0009199632014712522
2024-12-26,-0.0009208103130752265,-0.0009208103130752265,-0.0009208103130752265,-0.0009208103130752265,-0.0009208103130752265,-0.0009208103130752265
2024-12-27,0.003317972350229903,0.003317972350229903,0.003317972350229903,0.003317972350229903,0.003317972350229903,0.003317972350229903
2024-12-30,0.0006730583413063762,0.0006730583413063762,-0.00107377016334409,0.0006730583413063762,0.0006730583413063762,-0.00107377016334409
2024-12-31,-0.0030340432951174723,-0.0030340432951174723,-0.0030340432951174723,-0.0030340432951174723,-0.0030340432951174723,-0.0030340432951174723
2025-01-02,0.0003940528628287865,0.0003940528628287865,0.0003940528628287865,0.0003940528628287865,0.0003940528628287865,0.0003940528628287865
2025-01-03,0.002381388532697537,0.002381388532697537,0.002381388532697537,0.002381388532697537,0.002381388532697537,0.002381388532697537
2025-01-06,0.0002741228070168855,0.0002741228070168855,0.0002741228070168855,0.0002741228070168855,0.0002741228070168855,0.0002741228070168855
2025-01-07,-0.0008221430528912999,-0.0008221430528912999,-0.0008221430528912999,-0.0008221430528912999,-0.0008221430528912999,-0.0008221430528912999
2025-01-08,0.0004114097641252368,0.0004114097641252368,0.0004114097641252368,0.0004114097641252368,0.0004114097641252368,0.0004114097641252368
2025-01-09,-0.002147589673292316,-0.002147589673292316,-0.002147589673292316,-0.002147589673292316,-0.002147589673292316,-0.002147589673292316
2025-01-10,-0.00027475043502178664,-0.00027475043502178664,-0.00027475043502178664,-0.00027475043502178664,-0.00027475043502178664,-0.00027475043502178664
2025-01-13,-0.0018512610008136754,-0.0018506688683501693,-0.0014657383657008527,-0.0018512610008136754,-0.0014844060340200027,-0.0027661665054609097
2025-01-14,-0.0012858687714222272,-0.0012858687714222272,0.0012844036697241545,-0.0012858687714222272,-0.0012858687714222272,-0.0012858687714222272
2025-01-15,-0.001649521247315211,-0.001649521247315211,0.0016492578339739605,-0.001649521247315211,-0.001649521247315211,-0.001649521247315211
2025-01-16,8.830071415411034e-05,8.830071415411034e-05,-9.147457006908333e-05,8.830071415411034e-05,8.830071415411034e-05,8.830071415411034e-05
2025-01-17,-0.0041740082187824434,-0.002168714157029683,-0.0025157808068795307,-0.0017119830348665266,-0.002168714157029683,-0.002351635089975379
2025-01-20,0.0012206685566977793,0.0012206685566977793,0.0012206685566977793,0.0004866017500042563,0.001496040583042646,0.001496040583042646
2025-01-21,-0.0017417400777596237,-0.0017417400777596237,-0.0017417400777596237,-0.0017417400777596237,-0.0017417400777596237,-0.0017417400777596237
2025-01-22,-0.0016636026242269342,-0.0016636026242269342,-0.0016636026242269342,-0.0016636026242269342,-0.0016636026242269342,-0.0016636026242269342
2025-01-23,0.0004854564785283788,-0.0016205547926754216,-0.00041227668346277557,0.0004854564785283788,-0.0010709179332430985,-0.00041227668346277557
2025-01-24,-9.403672907082328e-05,-9.403672907082328e-05,9.165482791773094e-05,-9.403672907082328e-05,-9.403672907082328e-05,-0.0024898401667038383
2025-01-27,-0.0020599351828962664,-0.0020599351828962664,0.003052494644151471,-0.0020599351828962664,-0.0020599351828962664,-0.0020599351828962664
2025-02-05,0.000851116711917177,0.000851116711917177,-0.00033807391715723334,0.0003934752178853529,0.0003935076251018188,-0.0009774958113730747
2025-02-06,0.0009137844382507421,0.0009137844382507421,0.0009137844382507421,0.0009137844382507421,0.0009137844382507421,0.0009137844382507421
2025-02-07,-0.001186835258137675,-0.001186835258137675,-0.001186835258137675,-0.001186835258137675,-0.001186835258137675,-0.001186835258137675
2025-02-10,-0.0016452630135741497,-0.0016452630135741497,-0.0016452630135741497,-0.0016452630135741497,-0.0016452630135741497,-0.0016452630135741497
2025-02-11,0.0007324330510420918,0.0007324330510420918,0.0007324330510420918,0.0007324330510420918,0.0007324330510420918,0.0007324330510420918
2025-02-12,-0.001463793970999272,-0.001463793970999272,-0.001463793970999272,-0.001463793970999272,-0.001463793970999272,-0.001463793970999272
2025-02-13,-0.0002748637134089016,-0.0002748637134089016,-0.0002748637134089016,0.0010813850458406549,-0.0002748637134089016,-0.0002748637134089016
2025-02-14,-0.0037277530762703792,-0.0037277530762703792,-0.002336983916051971,0.0023405894105597014,-0.0037277530762703792,-0.0037277530762703792
2025-02-17,0.0015116450875172216,0.0015116450875172216,-0.001515708249128056,0.0015116450875172216,0.0015116450875172216,0.0015116450875172216
2025-02-18,0.0009173608646453335,0.0009173608646453335,-0.0009200055200333512,0.0009173608646453335,0.0009173608646453335,0.0009173608646453335
2025-02-19,-0.000829296742060226,-0.000829296742060226,0.0008287674386480148,-0.000829296742060226,-0.000829296742060226,-0.000829296742060226
2025-02-20,0.0024417657086237554,0.0024417657086237554,-0.0024382389474175703,0.0024417657086237554,0.0024417657086237554,0.0024417657086237554
2025-02-21,0.0023982108355986576,0.0023982108355986576,-0.0023980815347727225,0.0023982108355986576,0.0023982108355986576,0.0023982108355986576
2025-02-24,0.002679677238656586,0.002679677238656586,-0.0026812130177512605,0.002679677238656586,0.002679677238656586,0.002679677238656586
2025-02-25,-0.001819310571899213,-0.001819310571899213,0.0004948375708260233,-0.001819310571899213,-0.001819310571899213,-0.001819310571899213
2025-02-26,-0.0010697877859812133,-0.0010697877859812133,-0.0010697877859812133,-0.0010697877859812133,-0.0010697877859812133,-0.0010697877859812133
2025-02-27,0.0010603570133169704,0.0010603570133169704,0.0010603570133169704,0.0010603570133169704,0.0010603570133169704,0.0010603570133169704
2025-02-28,-0.0017582386352277268,-0.0017582386352277268,-0.0017582386352277268,-0.0017582386352277268,-0.0017582386352277268,-0.0017582386352277268
2025-03-03,-0.0018472308081843858,-0.0018472308081843858,-0.0018472308081843858,-0.0018472308081843858,-0.0018472308081843858,-0.0018472308081843858
2025-03-04,-0.0026401229713509666,-0.0026401229713509666,-0.0026401229713509666,-0.0026401229713509666,-0.0026401229713509666,-0.0026401229713509666
2025-03-05,0.0010147601475996026,0.0010147601475996026,0.0010147601475996026,0.0010147601475996026,0.0010147601475996026,0.0010147601475996026
2025-03-06,-0.0024421712284580233,-0.0024421712284580233,-0.0024421712284580233,-0.0024421712284580233,-0.0024421712284580233,-0.0024421712284580233
2025-03-07,-0.005635364220056394,-0.005635364220056394,-0.005635364220056394,-0.005635364220056394,-0.005635364220056394,-0.005635364220056394
2025-03-10,0.0011448222406897912,0.0011448222406897912,0.0009596533140463492,-0.001735451630031859,-0.001735451630031859,-0.001735451630031859
2025-03-11,0.004238319262437784,0.004238319262437784,0.004238319262437784,0.004238319262437784,0.004238319262437784,0.004238319262437784
2025-03-12,-0.004098263742705388,-0.004098263742705388,-0.004098263742705388,-0.004098263742705388,-0.004098263742705388,-0.004098263742705388
2025-03-13,0.000504647843954098,0.000504647843954098,0.000504647843954098,0.000504647843954098,0.000504647843954098,0.000504647843954098
2025-03-14,0.0003660770152040804,0.0003660770152040804,0.0003660770152040804,0.0003660770152040804,0.0003660770152040804,0.0003660770152040804
2025-03-17,0.004706773776316453,0.004706773776316453,0.004706773776316453,0.004706773776316453,0.004706773776316453,0.004706773776316453
2025-03-18,-0.001543688681308386,-0.001543688681308386,-0.001543688681308386,-0.001543688681308386,-0.001543688681308386,-0.001543688681308386
2025-03-19,0.0001834640963420675,0.0001834640963420675,0.0001834640963420675,0.0001834640963420675,0.0001834640963420675,0.0001834640963420675
2025-03-20,-0.002891068940318431,-0.002891068940318431,-0.002891068940318431,-0.002891068940318431,-0.002891068940318431,-0.002891068940318431
2025-03-21,0.001067598888264687,0.001067598888264687,0.001067598888264687,0.001067598888264687,0.001067598888264687,0.001067598888264687
2025-03-24,-0.0016754021580230871,-0.0016754021580230871,-0.0016754021580230871,-0.0016754021580230871,-0.0016754021580230871,-0.0016754021580230871
2025-03-25,-0.0027987085486606,-0.0027987085486606,-0.0027987085486606,-0.0027987085486606,-0.0027987085486606,-0.0027987085486606
2025-03-26,0.0029719061992099505,0.0029719061992099505,0.0029719061992099505,0.0029719061992099505,0.0029719061992099505,0.0029719061992099505
2025-03-27,-0.0009722672345942041,-0.0009722672345942041,-0.0009722672345942041,-0.0009722672345942041,-0.0009722672345942041,-0.0009722672345942041
2025-03-28,-0.0001390304940223075,-0.0001390304940223075,-0.0001390304940223075,-0.0001390304940223075,-0.0001390304940223075,-0.0001390304940223075
2025-03-31,-4.634994206187404e-05,-4.634994206187404e-05,-4.634994206187404e-05,-4.634994206187404e-05,-4.634994206187404e-05,-4.634994206187404e-05
2025-04-01,-0.0010197459905436634,-0.0010197459905436634,-0.0010197459905436634,-0.0010197459905436634,-0.0010197459905436634,-0.0010197459905436634
2025-04-02,0.002691165553081465,0.002691165553081465,0.002691165553081465,0.002691165553081465,0.002691165553081465,0.002691165553081465
2025-04-03,0.0048588616381306515,0.0048588616381306515,0.0048588616381306515,0.0048588616381306515,0.0048588616381306515,0.0048588616381306515
2025-04-07,0.005572185125489515,0.005572185125489515,0.005572185125489515,0.005572185125489515,0.005572185125489515,0.005572185125489515
2025-04-08,-0.002564572265982279,-0.002564572265982279,-0.002564572265982279,-0.002564572265982279,-0.002564572265982279,-0.002564572265982279
2025-04-09,0.0013314967860427185,0.0013314967860427185,0.0013314967860427185,0.0013314967860427185,0.0013314967860427185,0.0013314967860427185
2025-04-10,-9.170525929580453e-05,-9.170525929580453e-05,-9.170525929580453e-05,-9.170525929580453e-05,-9.170525929580453e-05,-9.170525929580453e-05
2025-04-11,-0.0007795661943411636,-0.0007795661943411636,-0.0007795661943411636,-0.0007795661943411636,-0.0007795661943411636,-0.0007795661943411636
2025-04-14,0.0008260670032127493,0.0008260670032127493,0.0008260670032127493,0.0008260670032127493,0.0008260670032127493,0.0008260670032127493
2025-04-15,-0.0007336757153340034,-0.0007336757153340034,-0.0007336757153340034,-0.0007336757153340034,-0.0007336757153340034,-0.0007336757153340034
2025-04-16,0.0003949383455341682,0.0003949383455341682,0.0003949383455341682,2.8044321916498305e-05,2.8044321916498305e-05,0.0003949383455341682
2025-04-17,0.0002115447815105309,0.0004867432232222857,0.0013285340390400968,0.0004867524021519021,0.0013285340390400968,0.0013285340390400968
2025-04-18,0.000321130378933443,0.000321130378933443,0.0011298713322216436,0.000321130378933443,0.0008541666066823606,-0.0007976160497099594
2025-04-21,-0.0022471910112359383,-0.0022471910112359383,-0.0022471910112359383,-0.0022471910112359383,-0.0022471910112359383,-0.0022471910112359383
2025-04-22,-1.6118485022031948e-05,-1.6118485022031948e-05,0.0003514595951994437,-0.0005672231649717085,-1.6118485022031948e-05,-1.6118485022031948e-05
2025-04-23,0.00183572415429345,0.00183572415429345,0.00183572415429345,0.00183572415429345,0.00183572415429345,0.00183572415429345
2025-04-24,0.0008267666068766388,0.0008267666068766388,0.0008267666068766388,0.0008267666068766388,0.0008267666068766388,0.0008267666068766388
2025-04-25,-0.0008299974827287171,-0.0008299974827287171,-0.0008299974827287171,-0.0008299974827287171,-0.0008299974827287171,-0.0008299974827287171
2025-04-28,-0.0006452711427340496,-0.0006452711427340496,-0.0006452711427340496,-0.0006452711427340496,-0.0006452711427340496,-0.0006452711427340496
2025-04-29,-0.0025677892743823927,-0.0025677892743823927,-0.0025677892743823927,-0.0025677892743823927,-0.0025677892743823927,-0.0025677892743823927
2025-04-30,-0.00038385416847674936,-0.00038385416847674936,0.0006244321545014753,-0.00038385416847674936,-0.00038385416847674936,-0.0005679059364439576
2025-05-06,0.0004128440366986119,0.0004128440366986119,0.0004128440366986119,0.0004128440366986119,0.0004128440366986119,0.0004128440366986119
2025-05-07,-0.001788252556284231,-0.001788252556284231,-0.001788252556284231,-0.001788252556284231,-0.001788252556284231,-0.001788252556284231
2025-05-08,0.0019292604501606192,0.0019292604501606192,0.0019292604501606192,0.0019292604501606192,0.0019292604501606192,0.0019292604501606192
2025-05-09,-4.440892098500626e-16,-4.440892098500626e-16,-4.440892098500626e-16,-4.440892098500626e-16,-4.440892098500626e-16,-4.440892098500626e-16
2025-05-12,-0.004859710251237548,-0.004859710251237548,-0.004859710251237548,-0.004859710251237548,-0.004859710251237548,-0.004859710251237548
2025-05-13,-0.0015353328658924692,-0.0015353328658924692,-0.0015353328658924692,-0.0015353328658924692,-0.0015353328658924692,-0.0015353328658924692
2025-05-14,0.0016564120576390007,0.0016564120576390007,0.0016564120576390007,0.0016564120576390007,0.0016564120576390007,0.0016564120576390007
2025-05-15,-0.00018577009416909096,-0.00018577009416909096,-0.00018577009416909096,-0.00018577009416909096,-0.00018577009416909096,-0.00018577009416909096
2025-05-16,0.000688839554397358,0.000688839554397358,0.000688839554397358,0.000688839554397358,0.000688839554397358,0.000688839554397358
2025-05-19,-0.001151894736562853,-0.001151894736562853,-0.001151894736562853,-0.001151894736562853,-0.001151894736562853,-0.001151894736562853
2025-05-20,-0.00216643686609852,-0.00216643686609852,-0.00216643686609852,-0.00216643686609852,-0.00216643686609852,-0.00216643686609852
2025-05-21,-6.272199033308112e-05,-6.272199033308112e-05,-6.272199033308112e-05,0.00012102441861761015,0.00012102441861761015,0.00012102441861761015
2025-05-22,-0.00018376441402090382,-0.00018376441402090382,-0.00018376441402090382,-0.00018376441402090382,-0.00018376441402090382,-0.00018376441402090382
2025-05-23,0.0003216468317794874,0.0003216468317794874,0.0003216468317794874,0.0003216468317794874,0.0003216468317794874,0.0003216468317794874
2025-05-26,4.5934772621381015e-05,4.5934772621381015e-05,4.5934772621381015e-05,4.5934772621381015e-05,4.5934772621381015e-05,4.5934772621381015e-05
2025-05-27,-0.0011023839051947926,-0.0011023839051947926,-0.0011023839051947926,-0.0011023839051947926,-0.0011023839051947926,-0.0011023839051947926
2025-05-28,-4.598335402516973e-05,-4.598335402516973e-05,-4.598335402516973e-05,-4.598335402516973e-05,-4.598335402516973e-05,-4.598335402516973e-05
2025-05-29,-6.131779733653531e-05,-6.131779733653531e-05,-0.002728713326589083,-6.131779733653531e-05,-6.131779733653531e-05,-0.002345258898188596
2025-05-30,-0.0023030459770477796,-0.0023030459770477796,-0.0023030459770477796,-0.0023030459770477796,-0.0023030459770477796,0.0023046784973494994
2025-06-03,0.00036750693531706347,0.00036750693531706347,0.00036750693531706347,0.00036750693531706347,0.00036750693531706347,7.57546941589915e-05
2025-06-04,-0.0007363047197728179,-0.0007363047197728179,-0.0007363047197728179,-0.0007363047197728179,-0.0007363047197728179,-0.0007363047197728179
2025-06-05,0.0004127551953563291,0.0004127551953563291,0.0004127551953563291,0.0004127551953563291,0.0004127551953563291,0.0004127551953563291
2025-06-06,-0.0010740524498802362,-0.0010740524498802362,-0.0010740524498802362,-0.0010740524498802362,-0.0010740524498802362,-0.0014410102703731331
2025-06-09,0.0006885471654813902,0.0006885471654813902,0.0006885471654813902,0.0006885471654813902,0.0006885471654813902,0.0006885471654813902
2025-06-10,-4.5871559631871506e-05,-4.5871559631871506e-05,-4.5871559631871506e-05,-4.5871559631871506e-05,-4.5871559631871506e-05,-4.5871559631871506e-05
2025-06-11,0.0004587366392951875,0.0004587366392951875,0.0004587366392951875,0.0004587366392951875,0.0004587366392951875,0.0004587366392951875
2025-06-12,-0.0004585262964836856,-0.0004585262964836856,-0.0004585262964836856,-0.0004585262964836856,-0.0004585262964836856,-0.0004585262964836856
2025-06-13,0.0002293683196479268,0.0002293683196479268,0.0002293683196479268,0.0002293683196479268,0.0002293683196479268,0.0002293683196479268
2025-06-16,-4.586314437693417e-05,-4.586314437693417e-05,-4.586314437693417e-05,-4.586314437693417e-05,-4.586314437693417e-05,-4.586314437693417e-05
2025-06-17,0.0013300921891490347,0.0013300921891490347,0.0013300921891490347,0.0013300921891490347,0.0013300921891490347,0.0013300921891490347
2025-06-18,-0.00018321729571302292,-0.00018321729571302292,-0.00018321729571302292,-0.00018321729571302292,-0.00018321729571302292,-0.00018321729571302292
2025-06-19,-4.5812717611171117e-05,-4.5812717611171117e-05,-4.5812717611171117e-05,-4.5812717611171117e-05,-4.5812717611171117e-05,-4.5812717611171117e-05
2025-06-20,0.00013744444953522894,0.00013744444953522894,0.00013744444953522894,0.00013744444953522894,0.00013744444953522894,0.00013744444953522894
2025-06-23,4.5808520384271745e-05,4.5808520384271745e-05,4.5808520384271745e-05,4.5808520384271745e-05,4.5808520384271745e-05,4.5808520384271745e-05
2025-06-24,-0.0011909669735695738,-0.0011909669735695738,-0.0011909669735695738,-0.0011909669735695738,-0.0011909669735695738,-0.0011909669735695738
2025-06-25,-0.0002751662462742166,-0.0002751662462742166,-0.0002751662462742166,-0.0002751662462742166,-0.0002751662462742166,-0.0002751662462742166
2025-06-26,0.0004878301135875507,-0.00041286297536524685,-0.00041286297536524685,0.0004879399051969102,0.0002126393981185526,-0.00041286297536524685
2025-06-27,-0.0008718577408916017,0.0014059824895813477,0.0008719596145028152,-0.0008718577408916017,-0.0008718577408916017,0.0008719596145028152
2025-06-30,0.0013768202488120274,0.0013768202488120274,0.0008094697288190122,0.0013768202488120274,0.0013768202488120274,0.0008094697288190122
2025-07-01,-0.0010095993252753344,-0.0010095993252753344,-0.0010095993252753344,-0.0010095993252753344,-0.0010095993252753344,-0.0010095993252753344
2025-07-02,-0.0011458196285369926,-0.0011458196285369926,-0.0011458196285369926,-0.0011458196285369926,-0.0011458196285369926,-0.0011458196285369926
2025-07-03,0.0001205325230553278,0.00012052335379353352,0.00012052335379353352,-0.0007953863268492789,0.00021215176500444244,0.00022857196579972872
2025-07-04,-4.582741396041978e-05,-4.582741396041978e-05,-4.582741396041978e-05,-4.582741396041978e-05,-4.582741396041978e-05,-0.0005207804171997177
2025-07-07,4.582951420672998e-05,4.582951420672998e-05,4.582951420672998e-05,4.582951420672998e-05,4.582951420672998e-05,4.582951420672998e-05
2025-07-08,-0.0007790660373035996,-0.0007790660373035996,-0.0007790660373035996,-0.0007790660373035996,-0.0007790660373035996,-0.0007790660373035996
2025-07-09,0.0002751788662633814,0.0002751788662633814,0.0002751788662633814,0.0002751788662633814,0.0002751788662633814,0.0002751788662633814
2025-07-10,-0.0010708557604491853,-0.0015294048059555365,-0.0018962060091474164,-0.0018962060091474164,-0.0018962060091474164,-0.0018962060091474164
2025-07-11,0.00013672039262591085,0.00013672039262591085,0.00013672039262591085,0.00013672039262591085,0.00013672039262591085,0.00013672039262591085
2025-07-14,0.0009189223434877825,0.0009189223434877825,0.0009189223434877825,0.0009189223434877825,0.0009189223434877825,0.0009189223434877825
2025-07-15,-0.0014702625609314124,-0.0014702625609314124,-0.0014702625609314124,-0.0014702625609314124,-0.0014702625609314124,-0.0014702625609314124
2025-07-16,0.000505067255670788,0.000505067255670788,0.000505067255670788,0.000505067255670788,0.000505067255670788,0.000505067255670788
2025-07-17,-0.00045964288056699054,-0.00045964288056699054,-0.00045964288056699054,-0.00045964288056699054,-0.00045964288056699054,-0.00045964288056699054
2025-07-18,0.000872682378028955,0.000872682378028955,0.000872682378028955,0.000872682378028955,0.000872682378028955,0.000872682378028955
2025-07-21,0.00027432669704618995,0.00027432669704618995,0.00027432669704618995,0.00027432669704618995,0.00027432669704618995,0.00027432669704618995
2025-07-22,0.0011500724379420735,0.0011500724379420735,0.0011500724379420735,0.0011500724379420735,0.0011500724379420735,0.0011500724379420735
2025-07-23,0.0010558644983864607,0.0010558644983864607,0.0010558644983864607,0.0010558644983864607,0.0010558644983864607,0.0010558644983864607
2025-07-24,0.0027708849276826264,0.0027708849276826264,0.0027708849276826264,0.0027708849276826264,0.0027708849276826264,0.0027708849276826264
2025-07-25,0.0003679658545416853,0.0003679658545416853,0.0003679658545416853,0.0003679658545416853,0.0003679658545416853,0.0003679658545416853
2025-07-28,-0.00198821332460275,-0.00198821332460275,-0.00198821332460275,-0.00198821332460275,-0.00198821332460275,-0.00198821332460275
2025-07-29,0.0024493067721151895,0.0024493067721151895,0.0024493067721151895,0.0024493067721151895,0.0024493067721151895,0.0024493067721151895
2025-07-30,-0.0015711639544980782,-0.0015711639544980782,-0.0015711639544980782,-0.0015711639544980782,-0.0015711639544980782,-0.0015711639544980782
2025-07-31,-0.0017064544858845787,-0.0017064544858845787,-0.0017064544858845787,-0.0017064544858845787,-0.0017064544858845787,-0.0017064544858845787
2025-08-01,0.0009987317861908096,0.0009987317861908096,0.0009987317861908096,0.0009987317861908096,0.0009987317861908096,0.0009987317861908096
2025-08-04,0.0003227740120810285,0.0003227740120810285,0.0003227740120810285,0.0003227740120810285,0.0003227740120810285,0.0003227740120810285
2025-08-05,0.0006453397252683679,0.0006453397252683679,0.0006453397252683679,0.0006453397252683679,0.0006453397252683679,0.0006453397252683679
2025-08-06,0.00013819789939173432,0.00013819789939173432,0.00013819789939173432,0.00013819789939173432,0.00013819789939173432,0.00013819789939173432
2025-08-07,0.000552715213485877,0.000552715213485877,0.000552715213485877,0.000552715213485877,0.000552715213485877,0.000552715213485877
2025-08-08,0.0002301707867236047,0.0002301707867236047,0.0002301707867236047,0.0002301707867236047,0.0002301707867236047,0.0002301707867236047
2025-08-11,-0.0013346833578788964,-0.0013346833578788964,-0.0013346833578788964,-0.0013346833578788964,-0.0013346833578788964,-0.0013346833578788964
2025-08-12,-0.000691276095672988,-0.000691276095672988,-0.000691276095672988,-0.000691276095672988,-0.000691276095672988,-0.000691276095672988
2025-08-13,-0.0015377007089287797,-0.0015377007089287797,-0.0015377007089287797,-0.0015377007089287797,-0.0015377007089287797,-0.0015377007089287797
2025-08-14,0.001013761671917024,0.001013761671917024,0.001013761671917024,0.001013761671917024,0.001013761671917024,0.001013761671917024
2025-08-15,0.00027573063849284374,0.00027573063849284374,0.00027573063849284374,0.00027573063849284374,0.00027573063849284374,0.00027573063849284374
2025-08-18,0.002588732072393851,0.002588732072393851,0.002588732072393851,0.002588732072393851,0.002588732072393851,0.002588732072393851
2025-08-19,-0.0003719420152109576,-0.0003719420152109576,-0.0003719420152109576,-0.0003719420152109576,-0.0003719420152109576,-0.0003719420152109576
2025-08-20,0.001852715152854234,0.001852715152854234,0.001852715152854234,0.001852715152854234,0.001852715152854234,0.001852715152854234
2025-08-21,-0.001344443820724739,-0.001344443820724739,-0.001344443820724739,-0.001344443820724739,-0.001344443820724739,-0.001344443820724739
2025-08-22,0.003153088920182734,0.003153088920182734,0.003153088920182734,0.003153088920182734,0.003153088920182734,0.003153088920182734
2025-08-25,-0.0026886323134969192,-0.0026886323134969192,-0.0026886323134969192,-0.0026886323134969192,-0.0026886323134969192,-0.0026886323134969192
2025-08-26,-0.00041797582383973353,-0.00041797582383973353,-0.00041797582383973353,-0.00041797582383973353,-0.00041797582383973353,-0.00041797582383973353
2025-08-27,-0.00023277889972994625,-0.00023277889972994625,-0.00023277889972994625,-0.00023277889972994625,-0.00023277889972994625,-0.00023277889972994625
2025-08-28,-0.0002481240379180738,-0.0002481240379180738,-0.00015546365328278355,-0.0008036725832357705,-0.0008036725832357705,-0.0004334418735142398
2025-08-29,0.00012308459545895545,0.00030907117875034196,0.0005873844282762164,-0.00043337743253790695,3.076154741377124e-05,0.0008658099695955102
2025-09-01,-0.0017606233758693524,-0.0017606233758693524,-0.0017606233758693524,-0.0017606233758693524,-0.0017606233758693524,-0.0017606233758693524
2025-09-02,0.0004940514832776355,0.0006794146393847011,0.0006794146393847011,0.0009576665863531009,0.0009576665863531009,0.0009576665863531009
2025-09-03,0.0018989393728869874,0.0018989393728869874,0.0018989393728869874,0.0018989393728869874,0.0018989393728869874,0.0018989393728869874
2025-09-04,0.000924556213018235,0.000924556213018235,0.000924556213018235,0.000924556213018235,0.000924556213018235,0.000924556213018235
2025-09-05,-0.002863476815074706,-0.002863476815074706,-0.002863476815074706,-0.002863476815074706,-0.002863476815074706,-0.002863476815074706
2025-09-08,-0.0007874015748030594,-0.0007874015748030594,-0.0007874015748030594,-0.0007874015748030594,-0.0007874015748030594,-0.0007874015748030594
2025-09-09,-0.0008343763037127472,-0.0008343763037127472,-0.0008343763037127472,-0.0008343763037127472,-0.0008343763037127472,-0.0008343763037127472
2025-09-10,0.001333366918777834,0.001333366918777834,0.0008686772384178809,0.001333366918777834,0.001333366918777834,0.0008686772384178809
2025-09-11,-0.0008396365693763563,-0.0008396365693763563,-0.0008396365693763563,-0.0008396365693763563,-0.0008396365693763563,-0.0008396365693763563
2025-09-12,-0.0012089014096562378,-0.0012089014096562378,-0.0012089014096562378,-0.0012089014096562378,-0.0012089014096562378,-0.0012089014096562378
2025-09-15,-0.0008832740381674586,-0.0008832740381674586,-0.0008832740381674586,-0.0008832740381674586,-0.0008832740381674586,-0.0008832740381674586
2025-09-16,-0.0018095925362818788,-0.0018095925362818788,-0.0018095925362818788,-0.0018095925362818788,-0.0018095925362818788,-0.0018095925362818788
2025-09-17,0.001512964779347925,0.001512964779347925,0.001512964779347925,0.001512964779347925,0.001512964779347925,0.001512964779347925
2025-09-18,-0.0006934492164024642,-0.0006934492164024642,-0.0006934492164024642,-0.0006934492164024642,-0.0006934492164024642,-0.0006934492164024642
2025-09-19,-0.002266839378238794,-0.002266839378238794,-0.002266839378238794,-0.002266839378238794,-0.002266839378238794,-0.002266839378238794
2025-09-22,0.0012982797792919776,0.0012982797792919776,0.0012982797792919776,0.0012982797792919776,0.0012982797792919776,0.0012982797792919776
2025-09-23,-0.0024079648066686055,-0.0024079648066686055,-0.0024079648066686055,-0.0024079648066686055,-0.0024079648066686055,-0.0024079648066686055
2025-09-24,3.172867484546593e-05,-0.000603444274242193,-0.000603444274242193,0.00030965385968473313,-0.000603444274242193,-0.000603444274242193
2025-09-25,0.00036920192806366714,-0.0023372120066824653,-0.0003715745471438714,0.00036920192806366714,-0.0023372120066824653,-0.004283954844211846
2025-09-26,-0.0006520096099719153,-0.0006520096099719153,0.0006504971656913217,-0.0006520096099719153,-0.0006520096099719153,-0.0006520096099719153
2025-09-29,0.00018296222950753283,0.00018296222950753283,-0.00018573551263012522,0.00018296222950753283,0.00018296222950753283,0.00018296222950753283
2025-09-30,-0.0017178752036364209,-0.0017178752036364209,0.001718372654653022,-0.0017178752036364209,-0.0017178752036364209,-0.0017178752036364209
2025-10-09,-0.001853190538961158,-0.001853190538961158,-0.0020528384133368105,-0.001853190538961158,-0.001853190538961158,-0.001853190538961158
2025-10-10,0.0006006021978817166,0.0006006021978817166,0.0006006021978817166,0.0006006021978817166,0.0006006021978817166,0.0006006021978817166
2025-10-13,-0.0012667889733393167,-0.0012667889733393167,-0.0012667889733393167,-0.0012667889733393167,-0.0012667889733393167,-0.0012667889733393167
2025-10-14,0.0009716374404291628,0.0009716374404291628,0.0009716374404291628,0.0009716374404291628,0.0009716374404291628,0.0009716374404291628
2025-10-15,-0.0003697882962010457,-0.0003697882962010457,-0.0003697882962010457,-0.0003697882962010457,-0.0003697882962010457,-0.0003697882962010457
2025-10-16,0.00032368445389807654,0.00032368445389807654,0.00032368445389807654,0.00032368445389807654,0.00032368445389807654,0.00032368445389807654
2025-10-17,0.0012018675172187354,0.0012018675172187354,0.0012018675172187354,0.0012018675172187354,0.0012018675172187354,0.0012018675172187354
2025-10-20,-0.001708296781938512,-0.001708296781938512,-0.001708296781938512,-0.001708296781938512,-0.001708296781938512,-0.001708296781938512
2025-10-21,0.00032374433447524,0.00032374433447524,0.00032374433447524,0.00032374433447524,0.00032374433447524,0.00032374433447524
2025-10-22,4.440892098500626e-16,4.440892098500626e-16,4.440892098500626e-16,4.440892098500626e-16,4.440892098500626e-16,4.440892098500626e-16
2025-10-23,-0.0002929620716840553,-0.0002929620716840553,-0.0002929620716840553,-0.0002929620716840553,-0.0002929620716840553,-0.0010171528965737808
2025-10-24,0.00027662487251745027,0.00027662487251745027,0.00027662487251745027,0.00027662487251745027,0.00027662487251745027,0.0005399716482759054
2025-10-27,-0.0015727461260139908,-0.0015727461260139908,-0.0015727461260139908,-0.0015727461260139908,-0.0015727461260139908,-0.0015727461260139908
2025-10-28,-0.002216281737424053,-0.002216281737424053,-0.002216281737424053,-0.002216281737424053,-0.002216281737424053,-0.002216281737424053
2025-10-29,0.0014135900838003757,0.0014135900838003757,-0.0022720204012742773,0.0014135900838003757,-0.0022720204012742773,-0.0022720204012742773
2025-10-30,0.0005526388505121549,0.0005526388505121549,0.0005526388505121549,0.0005526388505121549,0.0005526388505121549,0.0005526388505121549
2025-10-31,0.0004602780079177027,0.0004602780079177027,0.0004602780079177027,0.0004602780079177027,0.0004602780079177027,0.0004602780079177027
2025-11-03,-3.3306690738754696e-16,-3.3306690738754696e-16,-3.3306690738754696e-16,-3.3306690738754696e-16,-3.3306690738754696e-16,-3.3306690738754696e-16
2025-11-04,-0.0001840264998160812,-0.0001840264998160812,-0.0001840264998160812,-0.0001840264998160812,-0.0001840264998160812,-0.0001840264998160812
2025-11-05,-0.0003681207436034839,-0.0003681207436034839,-0.0003681207436034839,-0.0003681207436034839,-0.0003681207436034839,-0.0003681207436034839
2025-11-06,-0.0007825446510775214,-0.0007825446510775214,-0.0007825446510775214,-0.0007825446510775214,-0.0007825446510775214,-0.0007825446510775214
2025-11-07,0.0014590185275928924,0.0014590185275928924,0.0014590185275928924,0.0014590185275928924,0.0014590185275928924,0.0014590185275928924
2025-11-10,-0.0003697299435364565,-0.0003697299435364565,-0.0003697299435364565,-0.0003697299435364565,-0.0003697299435364565,-0.0003697299435364565
2025-11-11,9.149928354235115e-05,9.149928354235115e-05,9.149928354235115e-05,9.149928354235115e-05,9.149928354235115e-05,9.149928354235115e-05
2025-11-12,-0.0004154743956209517,-0.0004154743956209517,-0.0004154743956209517,-0.0004154743956209517,-0.0004154743956209517,-0.0004154743956209517
2025-11-13,0.0010140069873965096,0.0010140069873965096,0.0010140069873965096,0.0010140069873965096,0.0010140069873965096,0.0010140069873965096
2025-11-14,-4.669130298051716e-05,-4.669130298051716e-05,-4.669130298051716e-05,-4.669130298051716e-05,-4.669130298051716e-05,-4.669130298051716e-05
2025-11-17,-0.0006461171255361942,-0.0006461171255361942,-0.0006461171255361942,-0.0006461171255361942,-0.0006461171255361942,-0.0006461171255361942
2025-11-18,-0.0001395678301490122,-0.0001395678301490122,-0.0001395678301490122,-0.0001395678301490122,-0.0001395678301490122,-0.0001395678301490122
2025-11-19,0.0009524130587008628,0.0004907291624252075,0.0006906779323185841,0.0007677553493845579,2.948641868627533e-05,0.0004906298844451484
2025-11-20,0.0004449576107370401,-0.00010782421495481032,-0.0005540401714126952,7.655423559782548e-05,0.0005533779109985204,0.0005533779109985204
2025-11-21,0.0005059284270247932,0.0005059284270247932,0.0005059284270247932,0.0005059284270247932,-0.0010757421154587998,-0.0005069825321474264
2025-11-24,0.001414870492292275,0.001414870492292275,-0.0006153117713944001,0.001414870492292275,-0.0006153117713944001,0.0006916904915612587
2025-11-25,-0.002626607068799136,-0.002626607068799136,-0.002626607068799136,-0.002626607068799136,-0.002626607068799136,-0.002626607068799136
2025-11-26,-0.003418961374976437,-0.003418961374976437,-0.003418961374976437,-0.0003826890278304518,-0.003418961374976437,-0.003418961374976437
2025-11-27,0.0003088901849013226,-6.158607744921607e-05,0.0005876075611042086,-0.0004186671861434732,0.0011439694775194909,0.0010513076257281373
2025-11-28,-0.00041787014788174925,-0.00041787014788174925,-0.00041787014788174925,-0.00041787014788174925,-0.00041787014788174925,-0.00041787014788174925
2025-12-01,-0.0009268691708699262,-0.0009268691708699262,-0.0009268691708699262,-0.0009268691708699262,-0.0009268691708699262,-0.0009268691708699262
2025-12-02,0.0005547964566543495,0.0005547964566543495,0.0005547964566543495,0.0005547964566543495,0.0005547964566543495,0.0005547964566543495
2025-12-03,-0.0005564935269180005,-0.0005564935269180005,-0.0005564935269180005,-0.0005564935269180005,-0.0005564935269180005,-0.0005564935269180005
2025-12-04,0.003429751839883144,0.003429751839883144,0.003429751839883144,0.003429751839883144,0.003429751839883144,0.003429751839883144
2025-12-05,-0.0018572553962130645,-0.0018572553962130645,-0.0018572553962130645,-0.0018572553962130645,-0.0018572553962130645,-0.0018572553962130645
2025-12-08,-0.0003731160647240106,-0.0003731160647240106,-0.0003731160647240106,-0.0003731160647240106,-0.0003731160647240106,-0.0003731160647240106
2025-12-09,-0.0006492460333127337,-0.0006492460333127337,-0.0006492460333127337,-0.0006492460333127337,-0.0006492460333127337,-0.0006492460333127337
2025-12-10,-0.00046367404653491207,-0.00046367404653491207,-0.00046367404653491207,-0.00046367404653491207,-0.00046367404653491207,-0.00046367404653491207
2025-12-11,-0.0006484765456475916,-0.0006484765456475916,-0.0006484765456475916,-0.0006484765456475916,-0.0006484765456475916,-0.0006484765456475916
2025-12-12,0.00021524283730367522,0.00012267095533813333,-6.251397690038019e-05,0.00012267095533813333,0.0004929783333162963,0.0010489828241702082
2025-12-15,-0.0010649627263048522,-0.0010649627263048522,-0.0010649627263048522,-0.0010649627263048522,-0.0010649627263048522,-0.0010649627263048522
2025-12-16,0.0003244646333551149,0.0003244646333551149,0.0003244646333551149,0.0003244646333551149,0.0003244646333551149,0.0003244646333551149
2025-12-17,-0.0006635280165495638,-0.0006635280165495638,0.0009267411148699001,-0.0003856989363275609,-0.0006635280165495638,-0.0006635280165495638
2025-12-18,-4.7108228903192106e-05,-4.7108228903192106e-05,0.0005866711569662009,-4.7108228903192106e-05,-4.7108228903192106e-05,-4.7108228903192106e-05
2025-12-19,-0.0012953321980401222,-0.0012953321980401222,-0.0012953321980401222,-0.0012953321980401222,-0.0012953321980401222,-0.0012953321980401222
2025-12-22,-0.0010329188935280786,-0.0010329188935280786,-0.0010329188935280786,-0.0010329188935280786,-0.0010329188935280786,-0.0010329188935280786
2025-12-23,0.002222633821078457,0.002222633821078457,0.002222633821078457,0.002222633821078457,0.002222633821078457,0.002222633821078457
2025-12-24,9.240436148583164e-05,9.240436148583164e-05,9.240436148583164e-05,9.240436148583164e-05,9.240436148583164e-05,9.240436148583164e-05
2025-12-25,-0.00032338538298049,-0.00032338538298049,-0.00032338538298049,-0.00032338538298049,-0.00032338538298049,-0.00032338538298049
2025-12-26,0.0009704699847488119,0.0009704699847488119,0.0009704699847488119,0.0009704699847488119,0.0009704699847488119,0.0009704699847488119
2025-12-29,-0.003000923361033636,-0.003000923361033636,-0.003000923361033636,-0.003000923361033636,-0.003000923361033636,-0.003000923361033636
2025-12-30,-0.00032414910858957757,-0.00032414910858957757,-0.00032414910858957757,-0.00032414910858957757,-0.00032414910858957757,-0.00032414910858957757
2025-12-31,-0.001219652540628724,-0.0007411524921250301,-0.0007411524921250301,-0.001219652540628724,-0.0007411524921250301,-0.0007411524921250301
2026-01-05,4.5509753902273076e-05,-4.635638790950747e-05,-4.635638790950747e-05,4.5509753902273076e-05,-4.635638790950747e-05,-4.635638790950747e-05
2026-01-06,0.0014360440632863458,-0.0014371146446620076,-0.0014371146446620076,0.0014360440632863458,-0.0014371146446620076,-0.0014371146446620076
2026-01-07,0.000834207773275697,-0.0004794007272311829,0.0002638667075767209,0.000834207773275697,0.00026392246962148036,-0.0008356545960999107
2026-01-08,-0.0016708952969383128,-0.0016708952969383128,-0.0016708952969383128,-0.0016708952969383128,-0.0016708952969383128,0.0016727069974902253
2026-01-09,0.0002311746904513079,0.0002311746904513079,0.0002311746904513079,0.0002311746904513079,0.0002311746904513079,-0.00023193246126773648
2026-01-12,-0.0007428157141338154,-0.0007428157141338154,-0.0007428157141338154,-0.0007428157141338154,-0.0007428157141338154,0.0006345112579175805
2026-01-13,-4.690881043778461e-05,-4.690881043778461e-05,-4.690881043778461e-05,-4.690881043778461e-05,-4.690881043778461e-05,-4.690881043778461e-05
2026-01-14,0.0010984070550796865,0.0010984070550796865,0.0010984070550796865,0.0010984070550796865,0.0010984070550796865,0.0010984070550796865
2026-01-15,0.0009728527749459648,0.0009728527749459648,0.0009728527749459648,0.0009728527749459648,0.0009728527749459648,0.0009728527749459648
2026-01-16,0.0002776877863654992,0.0002776877863654992,0.0002776877863654992,0.0002776877863654992,0.0002776877863654992,0.0002776877863654992
2026-01-19,-0.00023134224772058953,-0.00023134224772058953,-0.00023134224772058953,-0.00023134224772058953,-0.00023134224772058953,-0.00023134224772058953
2026-01-20,0.001295816364309088,0.001295816364309088,0.001295816364309088,0.001295816364309088,0.001295816364309088,0.001295816364309088
2026-01-21,0.00018487705675784838,0.00018487705675784838,0.00018487705675784838,0.00018487705675784838,0.00018487705675784838,0.00018487705675784838
2026-01-22,-0.00046210720887196466,-0.00046210720887196466,-0.00046210720887196466,-0.00046210720887196466,-0.00046210720887196466,-0.00046210720887196466
2026-01-23,0.0004160887656037282,0.0004160887656037282,0.0004160887656037282,0.0004160887656037282,0.0004160887656037282,0.0004160887656037282
2026-01-26,-0.00013863856924978268,-0.00013863856924978268,-0.00013863856924978268,-0.00013863856924978268,-0.00013863856924978268,-0.00013863856924978268
2026-01-27,4.6219264189906184e-05,4.6219264189906184e-05,4.6219264189906184e-05,4.6219264189906184e-05,4.6219264189906184e-05,4.6219264189906184e-05
2026-01-28,0.0002310856403391348,0.0002310856403391348,0.0002310856403391348,0.0002310856403391348,0.0002310856403391348,0.0002310856403391348
2026-01-29,0.00036965160336399627,0.00036965160336399627,0.00036965160336399627,0.00036965160336399627,0.00036965160336399627,0.00036965160336399627
2026-01-30,0.0005542725173213192,0.0005542725173213192,0.0005542725173213192,0.0005542725173213192,0.0005542725173213192,0.0005542725173213192
2026-02-02,-0.0005539654694860507,-0.0005539654694860507,-0.0005539654694860507,-0.0005539654694860507,-0.0005539654694860507,-0.0005539654694860507
2026-02-03,9.237875288681252e-05,9.237875288681252e-05,9.237875288681252e-05,9.237875288681252e-05,9.237875288681252e-05,9.237875288681252e-05
2026-02-04,-0.00018474043968241816,-0.00018474043968241816,-0.00018474043968241816,-0.00018474043968241816,-0.00018474043968241816,-0.00018474043968241816
2026-02-05,0.0007390983000732376,0.0007390983000732376,0.0007390983000732376,0.0007390983000732376,0.0007390983000732376,0.0007390983000732376
2026-02-06,0.0009231905465281187,0.0009231905465281187,0.0009231905465281187,0.0009231905465281187,0.0009231905465281187,0.0009231905465281187
2026-02-09,0.0006456373362855317,0.0006456373362855317,0.0006456373362855317,0.0006456373362855317,0.0006456373362855317,0.0006456373362855317
2026-02-10,-4.608719697651864e-05,-4.608719697651864e-05,-4.608719697651864e-05,-4.608719697651864e-05,-4.608719697651864e-05,-4.608719697651864e-05
2026-02-11,0.0005069825321475374,0.0005069825321475374,0.0005069825321475374,0.0005069825321475374,0.0005069825321475374,0.0005069825321475374
2026-02-12,0.000414593698175203,0.000414593698175203,0.000414593698175203,0.000414593698175203,0.000414593698175203,0.000414593698175203
2026-02-13,-0.0007367500115121883,-0.0007367500115121883,-0.0007367500115121883,-0.0007367500115121883,-0.0007367500115121883,-0.0007367500115121883
2026-02-24,-4.608082576751382e-05,-4.608082576751382e-05,-4.608082576751382e-05,-4.608082576751382e-05,-4.608082576751382e-05,-4.608082576751382e-05
2026-02-25,-0.00018433179723442716,-0.00018433179723442716,-0.00018433179723442716,-0.00018433179723442716,-0.00018433179723442716,-0.00018433179723442716
2026-02-26,-0.0010140117994106301,-0.0010140117994106301,-0.0010140117994106301,-0.0010140117994106301,-0.0010140117994106301,-0.0010140117994106301
2026-02-27,0.00023069115068685697,0.00023069115068685697,0.00023069115068685697,-0.0007078253072130281,0.00023069115068685697,0.00023069115068685697
2026-03-02,0.0008605409882536108,0.001245444900594972,0.001245444900594972,-0.0012444666978328467,0.0007684771336997631,0.001245444900594972
2026-03-03,0.000275928520607982,-0.00027642126600990746,-0.00027642126600990746,0.000275928520607982,0.000275928520607982,-0.00027642126600990746
2026-03-04,0.0003068202807441356,0.0005069124423953131,0.0005069124423953131,-0.0008908860179323019,-0.0007988439164137162,0.0005069124423953131
2026-03-05,-9.211920224783121e-05,-9.211920224783121e-05,-9.211920224783121e-05,-9.211920224783121e-05,-9.211920224783121e-05,-9.211920224783121e-05
2026-03-06,-9.212768897604029e-05,-9.212768897604029e-05,-9.212768897604029e-05,-9.212768897604029e-05,-9.212768897604029e-05,-9.212768897604029e-05
2026-03-09,-0.002026995899940043,-0.002026995899940043,-0.002026995899940043,-0.002026995899940043,-0.002026995899940043,-0.002026995899940043
2026-03-10,-0.0007538908813065071,-9.232331625430579e-05,-9.232331625430579e-05,-0.0007538702872890157,-9.232331625430579e-05,-9.232331625430579e-05
2026-03-11,0.00041505801493646466,-0.00041549328285916953,-0.00041549328285916953,0.00041505801493646466,-0.00041549328285916953,-0.00041549328285916953
2026-03-12,-0.00046239666495706544,0.00046185109920493517,0.00046185109920493517,-0.00046239666495706544,0.00046185109920493517,0.00046185109920493517
2026-03-13,0.0008311397428613088,-0.0003846594857027652,-0.0008309482042285765,0.0008311397428613088,-0.00029229067283131904,-0.00047697852387518225
2026-03-16,0.0009236056014763072,0.0009236056014763072,-0.0009240436148585385,0.0009236056014763072,0.0009236056014763072,0.0009236056014763072
2026-03-17,-0.00018535161039445747,-0.00018535161039445747,0.000184979652238626,-0.00018535161039445747,-0.00018535161039445747,-0.00018535161039445747
2026-03-18,-0.00115514423869445,-0.00115514423869445,0.0011559090068418154,-0.00115514423869445,-0.00115514423869445,-0.00115514423869445
2026-03-19,-0.0006010856568641199,-0.0006010856568641199,0.000600378700410964,-0.0006010856568641199,-0.0006010856568641199,-0.0006010856568641199
2026-03-20,-0.0008000368731119201,-0.0008000368731119201,-0.0006923289947393663,-0.0005231820256277331,-0.0005231820256277331,-0.0008000368731119201
2026-03-23,-0.0010161193478357422,-0.0010161193478357422,-0.0010161193478357422,-0.0010161193478357422,-0.0010161193478357422,-0.0010161193478357422
2026-03-24,0.00018493689028664662,0.00018493689028664662,0.00018493689028664662,0.00018493689028664662,0.00018493689028664662,0.00018493689028664662
2026-03-25,-9.245134747903894e-05,-9.245134747903894e-05,-9.245134747903894e-05,-9.245134747903894e-05,-9.245134747903894e-05,-9.245134747903894e-05
2026-03-26,-0.0004777187204697553,-0.0007548690633298882,0.0011864601581001999,-0.0004777187204697553,-0.0004777187204697553,-0.0007548690633298882
2026-03-27,9.190073211540195e-05,9.190073211540195e-05,9.190073211540195e-05,9.190073211540195e-05,9.190073211540195e-05,9.190073211540195e-05
2026-03-30,-0.0014308918411052307,-0.0014308918411052307,-0.0014308918411052307,-0.0014308918411052307,-0.0014308918411052307,-0.0014308918411052307
2026-03-31,-1.542225280481979e-05,-1.542225280481979e-05,-1.542225280481979e-05,-1.542225280481979e-05,-1.542225280481979e-05,-1.542225280481979e-05
2026-04-01,-0.001798892988930767,-0.001798892988930767,-0.001798892988930767,-0.001798892988930767,-0.001798892988930767,-0.001798892988930767
2026-04-02,-4.6208585555040926e-05,-4.6208585555040926e-05,-4.6208585555040926e-05,-4.6208585555040926e-05,-4.6208585555040926e-05,-4.6208585555040926e-05
2026-04-03,0.0006469500924215499,0.0006469500924215499,0.0006469500924215499,0.0006469500924215499,0.0006469500924215499,0.0006469500924215499
2026-04-07,0.00023090422092786334,0.00023090422092786334,0.00023090422092786334,-0.0002465121446784124,0.00023090422092786334,0.00023090422092786334
2026-04-08,-0.00047709355615999094,-0.0007538724245789163,0.0002770210997731226,-0.000277264077090722,-0.0004770800635748307,-0.0006615661653870397
2026-04-09,0.00032238898467240595,0.00032238898467240595,-0.00032310177706051935,0.00032238898467240595,0.00032238898467240595,0.00032238898467240595
2026-04-10,-0.00056920098818114,-0.00056920098818114,-0.00027703389048006066,-0.00056920098818114,-0.00056920098818114,-0.00056920098818114
2026-04-13,0.0009698873083305859,0.0009698873083305859,0.0009698873083305859,0.0009698873083305859,0.0009698873083305859,0.0009698873083305859
2026-04-14,0.0011996493332719904,0.0011996493332719904,0.0011996493332719904,0.0011996493332719904,0.0011996493332719904,0.0011996493332719904
2026-04-15,0.0007834462417619648,0.0007834462417619648,0.0007834462417619648,0.0007834462417619648,0.0007834462417619648,0.0007834462417619648
2026-04-16,-0.00018419598452823482,-0.00018419598452823482,-0.00018419598452823482,-0.00018419598452823482,-0.00018419598452823482,-0.00018419598452823482
2026-04-17,0.001612011790715684,0.001612011790715684,0.001612011790715684,0.001612011790715684,0.001612011790715684,0.001612011790715684
2026-04-20,-0.00018393341610334346,-0.00018393341610334346,-0.00018393341610334346,-0.00018393341610334346,-0.00018393341610334346,-0.00018393341610334346
2026-04-21,0.0003679345076579299,0.0003679345076579299,0.0003679345076579299,0.0003679345076579299,0.0003679345076579299,0.0003679345076579299
2026-04-22,0.0007815732609999237,0.0007815732609999237,0.0007815732609999237,0.0007815732609999237,0.0007815732609999237,0.0007815732609999237
2026-04-23,-0.0008269018743111145,-0.0008269018743111145,-0.0008269018743111145,-0.0008269018743111145,-0.0008269018743111145,-0.0008269018743111145
2026-04-24,-0.00027586206896501597,-0.00027586206896501597,-0.00027586206896501597,-0.00027586206896501597,-0.00027586206896501597,-0.00027586206896501597
2026-04-27,-0.0020235467255338424,-0.0020235467255338424,-0.0020235467255338424,-0.0020235467255338424,-0.0020235467255338424,-0.0020235467255338424
2026-04-28,0.00099733212214681,0.0009052180596320625,0.000905773825620404,0.0009052180596320625,0.0011822381676092064,0.0005371705069114885
2026-04-29,-0.0007826716292322899,-0.0007826716292322899,-0.0007826716292322899,-0.0007826716292322899,-0.0007826716292322899,-0.0007826716292322899
2026-04-30,0.0005057779992607703,0.0005057779992607703,0.0005057779992607703,0.0005057779992607703,0.0005057779992607703,0.0005057779992607703
2026-05-06,0.0005957911017151485,0.0005957911017151485,0.0005957911017151485,0.0005957911017151485,0.0005957911017151485,0.0005957911017151485
2026-05-07,-9.293377404595571e-05,-9.293377404595571e-05,-9.293377404595571e-05,-9.293377404595571e-05,-9.293377404595571e-05,-9.293377404595571e-05
2026-05-08,-0.00023083600854623132,-0.00023083600854623132,-0.00023083600854623132,-0.00023083600854623132,-0.00023083600854623132,-0.00023083600854623132
2026-05-11,0.0024735741575290238,0.0024735741575290238,0.0024735741575290238,0.0024735741575290238,0.0024735741575290238,0.0024735741575290238
2026-05-12,0.0004600239212448898,0.0004600239212448898,0.0004600239212448898,0.0004600239212448898,0.0004600239212448898,0.0004600239212448898
2026-05-13,0.0008276623137766226,0.0008276623137766226,0.0008276623137766226,0.0008276623137766226,0.0008276623137766226,0.0008276623137766226
2026-05-14,-0.00032160249931034723,-0.00032160249931034723,-0.00032160249931034723,-0.00032160249931034723,-0.00032160249931034723,-0.00032160249931034723
2026-05-15,0.00018383197757176895,0.00018383197757176895,0.00018383197757176895,0.00018383197757176895,0.00018383197757176895,0.00018383197757176895
2026-05-18,0.001332536874511625,0.001332536874511625,0.001332536874511625,0.001332536874511625,0.001332536874511625,0.001332536874511625
2026-05-19,0.00137665198237924,0.00137665198237924,0.00137665198237924,0.00137665198237924,0.00137665198237924,0.00137665198237924
2026-05-20,-1.2212453270876722e-15,-1.2212453270876722e-15,-1.2212453270876722e-15,-1.2212453270876722e-15,-1.2212453270876722e-15,-1.2212453270876722e-15
2026-05-21,-0.001145632847584399,-0.001145632847584399,-0.001145632847584399,-0.001145632847584399,-0.001145632847584399,-0.001145632847584399
2026-05-22,-0.0005046566041195799,-0.0005046566041195799,-0.0005046566041195799,-0.0005046566041195799,-0.0005046566041195799,-0.0005046566041195799
2026-05-25,0.0003672082989065739,0.0003672082989065739,0.0003672082989065739,0.0003672082989065739,0.0003672082989065739,0.0003672082989065739
2026-05-26,0.00018353675323545815,0.00018353675323545815,0.00018353675323545815,0.00018353675323545815,0.00018353675323545815,0.00018353675323545815
2026-05-27,-0.001897223852138974,-0.001254746397121309,0.0001376273052571264,-0.001346573632846515,0.0001376273052571264,0.0001376273052571264
2026-05-28,-0.0007338226482165311,-0.0007338226482165311,0.00044186039139071376,-0.0007338226482165311,-0.0002916987541615734,-0.0003833864319920943
2026-05-29,-0.0008252625692389826,-0.0008252625692389826,-0.0008252625692389826,-0.0008252625692389826,-0.0008252625692389826,-0.0008252625692389826
2026-06-01,-0.0017553047363987329,-0.0017553047363987329,-0.001755313873805342,-0.0010239918220639188,-0.0012982919006461202,-0.0017553047363987329
2026-06-02,0.000778352639531299,0.000778352639531299,0.000778352639531299,0.000778352639531299,0.000778352639531299,0.000778352639531299
2026-06-03,-0.0007777472778844885,-0.0007777472778844885,-0.0007777472778844885,-0.0007777472778844885,-0.0007777472778844885,-0.0007777472778844885
2026-06-04,0.0007783526395304108,0.0007783526395304108,0.0007783526395304108,0.0007783526395304108,0.0007783526395304108,0.0007783526395304108
2026-06-05,-0.0005947479183829874,-0.0005947479183829874,-0.0005947479183829874,-0.0005947479183829874,-0.0005947479183829874,-0.0005947479183829874
2026-06-08,-0.0010070954451814051,-0.0010070954451814051,-0.0010070954451814051,-0.0010070954451814051,-0.0010070954451814051,-0.0010070954451814051
2026-06-09,-0.000246105871919422,-0.00042941318669775796,-0.0010539339229254097,-0.00042941318669775796,-0.00015434102797029503,-0.0010539339229254097
2026-06-10,0.0015154471471590103,0.0015154471471590103,0.0013150889132620414,0.0015154471471590103,0.0015154471471590103,0.0013150889132620414
2026-06-11,0.000642435675069164,0.000642435675069164,0.000642435675069164,0.000642435675069164,0.000642435675069164,0.000642435675069164
2026-06-12,-0.00050626432464973,-0.00050626432464973,-0.00050626432464973,-0.00050626432464973,-0.00050626432464973,-0.00050626432464973
2026-06-15,-0.00013839113332059227,-0.00013839113332059227,-0.00013839113332059227,-0.00013839113332059227,-0.00013839113332059227,-0.00013839113332059227
2026-06-16,-0.0012855995520303365,-0.0012855995520303365,-0.0012855995520303365,-0.0012855995520303365,-0.0012855995520303365,-0.0012855995520303365
2026-06-17,-0.0005967109718061359,-0.0005967109718061359,-0.0005967109718061359,-0.0005967109718061359,-0.0005967109718061359,-0.0005967109718061359
2026-06-18,-6.245414442695996e-05,-6.245414442695996e-05,-6.245414442695996e-05,-6.245414442695996e-05,-6.245414442695996e-05,-6.245414442695996e-05
2026-06-22,4.584842510646503e-05,4.584842510646503e-05,4.584842510646503e-05,4.584842510646503e-05,4.584842510646503e-05,4.584842510646503e-05
2026-06-23,-0.0009627727856225121,-0.0009627727856225121,-0.0009627727856225121,-0.0009627727856225121,-0.0009627727856225121,-0.0009627727856225121
2026-06-24,0.0003212335367814845,0.0003212335367814845,0.0003212335367814845,0.0003212335367814845,0.0003212335367814845,0.0003212335367814845
2026-06-25,0.0008257638315443128,0.0008257638315443128,0.0008257638315443128,0.0008257638315443128,0.0008257638315443128,0.0008257638315443128
2026-06-26,0.0009625962596260251,0.0009625962596260251,0.0009625962596260251,0.0009625962596260251,0.0009625962596260251,0.0009625962596260251
2026-06-29,0.001373815084489971,0.001373815084489971,0.001373815084489971,0.001373815084489971,0.001373815084489971,0.001373815084489971
2026-06-30,-0.0010518132345542774,-0.0010518132345542774,-0.0010518132345542774,-0.0010518132345542774,-0.0010518132345542774,-0.0010518132345542774
2026-07-01,-0.002151620582311109,-0.002151620582311109,-0.002151620582311109,-0.002151620582311109,-0.002151620582311109,-0.002151620582311109
2026-07-02,0.0007799238427301791,0.0007799238427301791,0.0007799238427301791,0.0007799238427301791,0.0007799238427301791,0.0007799238427301791
2026-07-03,-0.0003208948381779875,-0.0003208948381779875,-0.0003208948381779875,0.00048742910016130736,-0.0003208948381779875,-0.0003208948381779875
2026-07-06,0.0005792534081716649,0.0005792534081716649,0.0012381345439542724,-0.0012370963190492246,0.001037736478690432,0.0012381345439542724
2026-07-07,4.53594857636741e-05,4.53594857636741e-05,-4.5800128240292004e-05,4.53594857636741e-05,4.53594857636741e-05,-4.5800128240292004e-05
2026-07-08,-0.0009156168101330797,-0.0009156168101330797,0.0009160445197629041,-0.0009156168101330797,-0.0009156168101330797,0.0009160445197629041
2026-07-09,-0.00010860736470719168,-0.00010860736470719168,-0.00045760307509212783,-0.00010860736470719168,-0.00010860736470719168,-0.00045760307509212783
2026-07-10,-0.00013734377146046306,-0.00013734377146046306,-0.00013734377146046306,-0.00013734377146046306,-0.00013734377146046306,-0.00013734377146046306
2026-07-13,-0.00036630036630158624,-0.00036630036630158624,-0.00036630036630158624,-0.00036630036630158624,-0.00036630036630158624,-0.00036630036630158624
2026-07-14,0.00027482594356897927,0.00027482594356897927,0.00027482594356897927,0.00027482594356897927,0.00027482594356897927,0.00027482594356897927
2026-07-15,-9.158347834004044e-05,-9.158347834004044e-05,-9.158347834004044e-05,-9.158347834004044e-05,-9.158347834004044e-05,-9.158347834004044e-05
2026-07-16,-0.00038340455317043,-0.00038340455317043,-0.0012073844471393036,-0.00038340455317043,-0.0012073844471393036,-0.0012073844471393036
2026-07-17,-0.00036668200508960247,-0.00036668200508960247,-0.00036668200508960247,-0.00036668200508960247,-0.00036668200508960247,-0.00036668200508960247
2026-07-20,0.0005495426284956029,0.0005495426284956029,0.0005495426284956029,0.0005495426284956029,0.0005495426284956029,0.0005495426284956029
2026-07-21,-0.0005498951170839206,-0.0005498951170839206,-0.0005498951170839206,-0.0005498951170839206,-0.0005498951170839206,-0.0005498951170839206
2026-07-22,-0.0013267789084647763,-0.0013267789084647763,-0.0013267789084647763,-0.0013267789084647763,-0.0013267789084647763,-0.0013267789084647763
2026-07-23,-0.0015713830150808628,-0.0015713830150808628,-0.00010892438025023043,-0.0015713830150808628,-0.0015713830150808628,-0.0015713830150808628
2026-07-24,0.0006867188573003169,0.0006867188573003169,0.0006867188573003169,0.0006867188573003169,0.0006867188573003169,0.0006867188573003169
2026-07-27,-0.0005947479183824322,-0.0005947479183824322,-0.0005947479183824322,-0.0005947479183824322,-0.0005947479183824322,-0.0005947479183824322
2026-07-28,-0.00045777065690100205,-0.00045777065690100205,-0.00045777065690100205,-0.00045777065690100205,-0.00045777065690100205,-0.00045777065690100205
2026-07-29,0.00022899015342359164,0.00022899015342359164,0.00022899015342359164,0.00022899015342359164,0.00022899015342359164,0.00022899015342359164
2026-07-30,0.001465201465201682,0.001465201465201682,0.001465201465201682,0.001465201465201682,0.001465201465201682,0.001465201465201682
2026-07-31,0.0003657644476966482,0.0003657644476966482,0.0003657644476966482,0.0003657644476966482,0.0003657644476966482,0.0003657644476966482
2026-08-03,-0.0005027422303472973,-0.0005027422303472973,-0.0005027422303472973,-0.0005027422303472973,-0.0005027422303472973,-0.0005027422303472973
2026-08-04,0.0007316292468788621,0.0007316292468788621,0.0007316292468788621,0.0007316292468788621,0.0007316292468788621,0.0007316292468788621
2026-08-05,-0.00013708019191116527,-0.00013708019191116527,-0.00013708019191116527,-0.00013708019191116527,-0.00013708019191116527,-0.00013708019191116527
2026-08-06,-0.00018279864729009443,-0.00018279864729009443,-0.00018279864729009443,-0.00018279864729009443,-0.00018279864729009443,-0.00018279864729009443
2026-08-07,0.000319956120303333,0.000319956120303333,0.000319956120303333,0.000319956120303333,0.000319956120303333,0.000319956120303333
2026-08-10,0.000502627370344122,0.000502627370344122,0.000502627370344122,0.000502627370344122,0.000502627370344122,0.000502627370344122
2026-08-11,-0.0004567044208988458,-0.0004567044208988458,-0.0004567044208988458,-0.0004567044208988458,-0.0004567044208988458,-0.0004567044208988458
2026-08-12,-0.00013707392853823386,-0.00013707392853823386,-0.00013707392853823386,-0.00013707392853823386,-0.00013707392853823386,-0.00013707392853823386
2026-08-13,0.0006854636018815974,0.0006854636018815974,0.0006854636018815974,0.0006854636018815974,0.0006854636018815974,0.0006854636018815974
2026-08-14,0.00045666270892352756,0.00045666270892352756,0.00045666270892352756,0.00045666270892352756,0.00045666270892352756,0.00045666270892352756
2026-08-17,4.564542632867763e-05,4.564542632867763e-05,4.564542632867763e-05,4.564542632867763e-05,4.564542632867763e-05,4.564542632867763e-05
2026-08-18,0.0005020767721028996,0.0005020767721028996,0.0005020767721028996,0.0005020767721028996,0.0005020767721028996,0.0005020767721028996
2026-08-19,-0.000319343065692701,-0.000319343065692701,-0.000319343065692701,-0.000319343065692701,-0.000319343065692701,-0.000319343065692701
2026-08-20,-0.0005932551453475821,-0.0005932551453475821,-0.0005932551453475821,-0.0005932551453475821,-0.0005932551453475821,-0.0005932551453475821
2026-08-21,-0.0004109589041084716,-0.0004109589041084716,-0.0004109589041084716,-0.0004109589041084716,-0.0004109589041084716,-0.0004109589041084716
2026-08-24,7.400962549297674e-05,0.0009136174683648246,0.0009136174683648246,0.0003479725186736893,0.00043931678012643083,0.0009136174683648246
2026-08-25,0.00018241085126069478,-0.00018255670667688406,-0.00018255670667688406,0.00018241085126069478,0.00018241085126069478,-0.00018255670667688406
2026-08-26,0.0008677444468889739,-0.0008673026886386603,-0.0008673026886386603,0.0008677444468889739,0.0008677444468889739,-0.0008673026886386603
2026-08-27,0.0015095774637043924,-0.0014332884233638765,-0.0015076754385973112,0.0015095774637043924,0.0015095774637043924,-0.0015076754385973112
2026-08-28,-0.0002750137131378727,-0.0002750137131378727,-0.0003833934078572021,-0.0002750137131378727,-0.0002750137131378727,-0.00010898887955135272
2026-08-31,-0.00027483796648342107,-0.00027483796648342107,-0.00027483796648342107,-0.00027483796648342107,-0.00027483796648342107,-0.00027483796648342107
2026-09-01,-0.0005945991053050159,-0.0005945991053050159,-0.0005945991053050159,-0.0005945991053050159,-0.0005945991053050159,-0.0005945991053050159
2026-09-02,0.0003193706339834623,0.0003193706339834623,0.0003193706339834623,0.0003193706339834623,0.0003193706339834623,0.0003193706339834623
2026-09-03,-0.001142126233556362,-0.001142126233556362,-0.001142126233556362,-0.001142126233556362,-0.001142126233556362,-0.001142126233556362
2026-09-04,-0.00029147795628292616,-0.00029147795628292616,-0.00029147795628292616,-0.00029147795628292616,-0.00029147795628292616,-0.00029147795628292616
2026-09-07,9.139097057198065e-05,9.139097057198065e-05,9.139097057198065e-05,9.139097057198065e-05,9.139097057198065e-05,9.139097057198065e-05
2026-09-08,-0.00013707392853834488,-0.00013707392853834488,-0.00013707392853834488,-0.00013707392853834488,-0.00013707392853834488,-0.00013707392853834488
2026-09-09,-4.569757345929126e-05,-4.569757345929126e-05,-4.569757345929126e-05,-4.569757345929126e-05,-4.569757345929126e-05,-4.569757345929126e-05
2026-09-10,0.00013709898546721,0.00013709898546721,0.00013709898546721,0.00013709898546721,0.00013709898546721,0.00013709898546721
2026-09-11,-0.00024580423683340236,-0.0009768120334724406,-0.0009768120334724406,-0.0009768120334724406,-0.0009768120334724406,-0.0007025746542025368
2026-09-14,-0.00013751680594975557,-0.00013751680594975557,-0.00013751680594975557,-0.00013751680594975557,-0.00013751680594975557,-0.00013751680594975557
2026-09-15,-0.0007768711605090628,-0.0007768711605090628,-0.0007768711605090628,-0.0007768711605090628,-0.0007768711605090628,-0.0007768711605090628
2026-09-16,-0.00018289877581756375,-0.00018289877581756375,-0.00018289877581756375,-0.00018289877581756375,-0.00018289877581756375,-0.00018289877581756375
2026-09-17,-0.000428357175917049,-0.000428357175917049,-0.000428357175917049,-0.000428357175917049,-0.000428357175917049,-0.000428357175917049
2026-09-18,0.0006394738044117609,0.0006394738044117609,0.0006394738044117609,0.0006394738044117609,0.0006394738044117609,0.0006394738044117609
2026-09-21,-9.129501985694066e-05,-9.129501985694066e-05,-9.129501985694066e-05,-9.129501985694066e-05,-9.129501985694066e-05,-9.129501985694066e-05
2026-09-22,0.0008217301985855574,0.0008217301985855574,0.0008217301985855574,0.0008217301985855574,0.0008217301985855574,0.0008217301985855574
2026-09-23,-0.0005017561465121556,-0.0005017561465121556,-0.0005017561465121556,-0.0005017561465121556,-0.0005017561465121556,-0.0005017561465121556
2026-09-24,0.0002738225629805857,0.0002738225629805857,0.0002738225629805857,0.0002738225629805857,0.0002738225629805857,0.0002738225629805857
2026-09-28,-0.0005018706086322711,-0.0005018706086322711,-0.0005018706086322711,-0.0005018706086322711,-0.0005018706086322711,-0.0005018706086322711
2026-09-29,0.0010955402382808455,0.0010955402382808455,0.0010955402382808455,0.0010955402382808455,0.0010955402382808455,0.0010955402382808455
2026-09-30,-0.002188682686607768,-0.002188682686607768,-0.002188682686607768,-0.002188682686607768,-0.002188682686607768,-0.002188682686607768
